Source,Number of sources,Variable,Task,Ethnicity,Age ,Age_sign1,Age_value1,Age_sign2,Age_value2,Unit,Sex,Education,Socioeconomic status,Sign_1,Cut_off_value_1,Sign_2,Cut_off_value_2,Unit,Interpretation 1,Interpretation 2,Comments
http://www.psychiatry.pitt.edu/sites/default/files/page-images/PSQI_Scoring.doc; https://www.ncbi.nlm.nih.gov/pubmed/2748771,2,PSQI Total Score,Pittsburgh Sleep Quality Index (PSQI),NA,NA,NA,NA,NA,NA,years,NA,NA,NA,<=,5,NA,NA,NA,Good,NA,NA
http://www.psychiatry.pitt.edu/sites/default/files/page-images/PSQI_Scoring.doc; https://www.ncbi.nlm.nih.gov/pubmed/2748771,2,PSQI Total Score,Pittsburgh Sleep Quality Index (PSQI),NA,NA,NA,NA,NA,NA,years,NA,NA,NA,>,5,NA,NA,NA,Poor,NA,NA
http://dx.doi.org/10.1046/j.1525-1497.2001.016009606.x,2,Mental Health Score,Patient Health Questionnaire (PHQ-9),NA,NA,NA,NA,NA,NA,NA,NA,NA,NA,<=,4,NA,NA,NA,Minimal Depression,NA,NA
http://dx.doi.org/10.1046/j.1525-1497.2001.016009606.x,2,Mental Health Score,Patient Health Questionnaire (PHQ-9),NA,NA,NA,NA,NA,NA,NA,NA,NA,NA,>=,5,<=,9,NA,Mild Depression,NA,NA
http://dx.doi.org/10.1046/j.1525-1497.2001.016009606.x,2,Mental Health Score,Patient Health Questionnaire (PHQ-9),NA,NA,NA,NA,NA,NA,NA,NA,NA,NA,>=,10,<=,14,NA,Moderate Depression,NA,NA
http://dx.doi.org/10.1046/j.1525-1497.2001.016009606.x,2,Mental Health Score,Patient Health Questionnaire (PHQ-9),NA,NA,NA,NA,NA,NA,NA,NA,NA,NA,>=,15,<=,19,NA,Moderately Severe Depression,NA,NA
http://dx.doi.org/10.1046/j.1525-1497.2001.016009606.x,2,Mental Health Score,Patient Health Questionnaire (PHQ-9),NA,NA,NA,NA,NA,NA,NA,NA,NA,NA,>=,20,<=,27,NA,Severe Depression,NA,NA
https://www.nhlbi.nih.gov/health/health-topics/topics/hbp; http://www.mayoclinic.org/tests-procedures/blood-pressure-test/basics/results/prc-20020082; https://www.urmc.rochester.edu/encyclopedia/content.aspx?ContentTypeID=85&ContentID=P00866,3,Systolic Blood Pressure,Vital Signs,NA,Adults,NA,Adults,NA,NA,NA,NA,NA,NA,NA,NA,<,120,mmHg,Normal,NA,NA
"https://www.nhlbi.nih.gov/health/health-topics/topics/hbp; http://www.mayoclinic.org/tests-procedures/blood-pressure-test/basics/results/prc-20020082; http://www.hopkinsmedicine.org/healthlibrary/conditions/cardiovascular_diseases/vital_signs_body_temperature_pulse_rate_respiration_rate_blood_pressure_85,P00866/",3,Systolic Blood Pressure,Vital Signs,NA,Adults,NA,Adults,NA,NA,NA,NA,NA,NA,>=,120,<,130,mmHg,Elevated,NA,NA
https://www.nhlbi.nih.gov/health/health-topics/topics/hbp; http://www.mayoclinic.org/tests-procedures/blood-pressure-test/basics/results/prc-20020082; https://www.urmc.rochester.edu/encyclopedia/content.aspx?ContentTypeID=85&ContentID=P00866,3,Systolic Blood Pressure,Vital Signs,NA,Adults,NA,Adults,NA,NA,NA,NA,NA,NA,>=,130,<,140,mmHg,Stage 1 Hypertension,NA,NA
https://www.nhlbi.nih.gov/health/health-topics/topics/hbp; http://www.mayoclinic.org/tests-procedures/blood-pressure-test/basics/results/prc-20020082; https://www.urmc.rochester.edu/encyclopedia/content.aspx?ContentTypeID=85&ContentID=P00866,3,Systolic Blood Pressure,Vital Signs,NA,Adults,NA,Adults,NA,NA,NA,NA,NA,NA,>=,140,NA,NA,mmHg,Stage 2 Hypertension,NA,NA
https://www.nhlbi.nih.gov/health/health-topics/topics/hbp; http://www.mayoclinic.org/tests-procedures/blood-pressure-test/basics/results/prc-20020082; https://www.urmc.rochester.edu/encyclopedia/content.aspx?ContentTypeID=85&ContentID=P00866,4,Diastolic Blood Pressure,Vital Signs,NA,Adults,NA,Adults,NA,NA,NA,NA,NA,NA,NA,NA,<,80,mmHg,Normal,NA,NA
https://www.nhlbi.nih.gov/health/health-topics/topics/hbp; http://www.mayoclinic.org/tests-procedures/blood-pressure-test/basics/results/prc-20020082; https://www.urmc.rochester.edu/encyclopedia/content.aspx?ContentTypeID=85&ContentID=P00866,4,Diastolic Blood Pressure,Vital Signs,NA,Adults,NA,Adults,NA,NA,NA,NA,NA,NA,NA,NA,<,80,mmHg,Elevated,NA,NA
https://www.nhlbi.nih.gov/health/health-topics/topics/hbp; http://www.mayoclinic.org/tests-procedures/blood-pressure-test/basics/results/prc-20020082; https://www.urmc.rochester.edu/encyclopedia/content.aspx?ContentTypeID=85&ContentID=P00866,4,Diastolic Blood Pressure,Vital Signs,NA,Adults,NA,Adults,NA,NA,NA,NA,NA,NA,>=,80,<,90,mmHg,Stage 1 Hypertension,NA,NA
https://www.nhlbi.nih.gov/health/health-topics/topics/hbp; http://www.mayoclinic.org/tests-procedures/blood-pressure-test/basics/results/prc-20020082; https://www.urmc.rochester.edu/encyclopedia/content.aspx?ContentTypeID=85&ContentID=P00866,4,Diastolic Blood Pressure,Vital Signs,NA,Adults,NA,Adults,NA,NA,NA,NA,NA,NA,>=,90,NA,NA,mmHg,Stage 2 Hypertension,NA,NA
http://www.belmarrahealth.com/resting-heart-rate-chart-factors-influence-heart-rate-elderly/,4,Heart Rate,Vital Signs,NA,18 - 25 years,>=,0,<=,25,years,Female,NA,NA,>=,54,<=,60,beats/minute,Athletic,NA,NA
http://www.belmarrahealth.com/resting-heart-rate-chart-factors-influence-heart-rate-elderly/,4,Heart Rate,Vital Signs,NA,26 - 35 years,>=,26,<=,35,years,Female,NA,NA,>=,54,<=,59,beats/minute,Athletic,NA,NA
http://www.belmarrahealth.com/resting-heart-rate-chart-factors-influence-heart-rate-elderly/,4,Heart Rate,Vital Signs,NA,36 - 45 years,>=,36,<=,45,years,Female,NA,NA,>=,54,<=,59,beats/minute,Athletic,NA,NA
http://www.belmarrahealth.com/resting-heart-rate-chart-factors-influence-heart-rate-elderly/,4,Heart Rate,Vital Signs,NA,46 - 55 years,>=,46,<=,55,years,Female,NA,NA,>=,54,<=,60,beats/minute,Athletic,NA,NA
http://www.belmarrahealth.com/resting-heart-rate-chart-factors-influence-heart-rate-elderly/,4,Heart Rate,Vital Signs,NA,56 - 65 years,>=,56,<=,65,years,Female,NA,NA,>=,54,<=,59,beats/minute,Athletic,NA,NA
http://www.belmarrahealth.com/resting-heart-rate-chart-factors-influence-heart-rate-elderly/,4,Heart Rate,Vital Signs,NA,> 65 years,>,65,NA,NA,years,Female,NA,NA,>=,54,<=,59,beats/minute,Athletic,NA,NA
http://www.belmarrahealth.com/resting-heart-rate-chart-factors-influence-heart-rate-elderly/,4,Heart Rate,Vital Signs,NA,18 - 25 years,>=,0,<=,25,years,Female,NA,NA,>=,61,<=,65,beats/minute,Excellent,NA,NA
http://www.belmarrahealth.com/resting-heart-rate-chart-factors-influence-heart-rate-elderly/,4,Heart Rate,Vital Signs,NA,26 - 35 years,>=,26,<=,35,years,Female,NA,NA,>=,60,<=,64,beats/minute,Excellent,NA,NA
http://www.belmarrahealth.com/resting-heart-rate-chart-factors-influence-heart-rate-elderly/,4,Heart Rate,Vital Signs,NA,36 - 45 years,>=,36,<=,45,years,Female,NA,NA,>=,60,<=,64,beats/minute,Excellent,NA,NA
http://www.belmarrahealth.com/resting-heart-rate-chart-factors-influence-heart-rate-elderly/,4,Heart Rate,Vital Signs,NA,46 - 55 years,>=,46,<=,55,years,Female,NA,NA,>=,61,<=,65,beats/minute,Excellent,NA,NA
http://www.belmarrahealth.com/resting-heart-rate-chart-factors-influence-heart-rate-elderly/,4,Heart Rate,Vital Signs,NA,56 - 65 years,>=,56,<=,65,years,Female,NA,NA,>=,60,<=,64,beats/minute,Excellent,NA,NA
http://www.belmarrahealth.com/resting-heart-rate-chart-factors-influence-heart-rate-elderly/,4,Heart Rate,Vital Signs,NA,> 65 years,>,65,NA,NA,years,Female,NA,NA,>=,60,<=,64,beats/minute,Excellent,NA,NA
http://www.belmarrahealth.com/resting-heart-rate-chart-factors-influence-heart-rate-elderly/,4,Heart Rate,Vital Signs,NA,18 - 25 years,>=,0,<=,25,years,Female,NA,NA,>=,66,<=,69,beats/minute,Good,NA,NA
http://www.belmarrahealth.com/resting-heart-rate-chart-factors-influence-heart-rate-elderly/,4,Heart Rate,Vital Signs,NA,26 - 35 years,>=,26,<=,35,years,Female,NA,NA,>=,65,<=,68,beats/minute,Good,NA,NA
http://www.belmarrahealth.com/resting-heart-rate-chart-factors-influence-heart-rate-elderly/,4,Heart Rate,Vital Signs,NA,36 - 45 years,>=,36,<=,45,years,Female,NA,NA,>=,65,<=,69,beats/minute,Good,NA,NA
http://www.belmarrahealth.com/resting-heart-rate-chart-factors-influence-heart-rate-elderly/,4,Heart Rate,Vital Signs,NA,46 - 55 years,>=,46,<=,55,years,Female,NA,NA,>=,66,<=,69,beats/minute,Good,NA,NA
http://www.belmarrahealth.com/resting-heart-rate-chart-factors-influence-heart-rate-elderly/,4,Heart Rate,Vital Signs,NA,56 - 65 years,>=,56,<=,65,years,Female,NA,NA,>=,65,<=,68,beats/minute,Good,NA,NA
http://www.belmarrahealth.com/resting-heart-rate-chart-factors-influence-heart-rate-elderly/,4,Heart Rate,Vital Signs,NA,> 65 years,>,65,NA,NA,years,Female,NA,NA,>=,65,<=,68,beats/minute,Good,NA,NA
http://www.belmarrahealth.com/resting-heart-rate-chart-factors-influence-heart-rate-elderly/,4,Heart Rate,Vital Signs,NA,18 - 25 years,>=,0,<=,25,years,Female,NA,NA,>=,70,<=,73,beats/minute,Above Average,NA,NA
http://www.belmarrahealth.com/resting-heart-rate-chart-factors-influence-heart-rate-elderly/,4,Heart Rate,Vital Signs,NA,26 - 35 years,>=,26,<=,35,years,Female,NA,NA,>=,69,<=,72,beats/minute,Above Average,NA,NA
http://www.belmarrahealth.com/resting-heart-rate-chart-factors-influence-heart-rate-elderly/,4,Heart Rate,Vital Signs,NA,36 - 45 years,>=,36,<=,45,years,Female,NA,NA,>=,70,<=,73,beats/minute,Above Average,NA,NA
http://www.belmarrahealth.com/resting-heart-rate-chart-factors-influence-heart-rate-elderly/,4,Heart Rate,Vital Signs,NA,46 - 55 years,>=,46,<=,55,years,Female,NA,NA,>=,70,<=,73,beats/minute,Above Average,NA,NA
http://www.belmarrahealth.com/resting-heart-rate-chart-factors-influence-heart-rate-elderly/,4,Heart Rate,Vital Signs,NA,56 - 65 years,>=,56,<=,65,years,Female,NA,NA,>=,69,<=,73,beats/minute,Above Average,NA,NA
http://www.belmarrahealth.com/resting-heart-rate-chart-factors-influence-heart-rate-elderly/,4,Heart Rate,Vital Signs,NA,> 65 years,>,65,NA,NA,years,Female,NA,NA,>=,69,<=,72,beats/minute,Above Average,NA,NA
http://www.belmarrahealth.com/resting-heart-rate-chart-factors-influence-heart-rate-elderly/,4,Heart Rate,Vital Signs,NA,18 - 25 years,>=,0,<=,25,years,Female,NA,NA,>=,74,<=,78,beats/minute,Average,NA,NA
http://www.belmarrahealth.com/resting-heart-rate-chart-factors-influence-heart-rate-elderly/,4,Heart Rate,Vital Signs,NA,26 - 35 years,>=,26,<=,35,years,Female,NA,NA,>=,73,<=,76,beats/minute,Average,NA,NA
http://www.belmarrahealth.com/resting-heart-rate-chart-factors-influence-heart-rate-elderly/,4,Heart Rate,Vital Signs,NA,36 - 45 years,>=,36,<=,45,years,Female,NA,NA,>=,74,<=,78,beats/minute,Average,NA,NA
http://www.belmarrahealth.com/resting-heart-rate-chart-factors-influence-heart-rate-elderly/,4,Heart Rate,Vital Signs,NA,46 - 55 years,>=,46,<=,55,years,Female,NA,NA,>=,74,<=,77,beats/minute,Average,NA,NA
http://www.belmarrahealth.com/resting-heart-rate-chart-factors-influence-heart-rate-elderly/,4,Heart Rate,Vital Signs,NA,56 - 65 years,>=,56,<=,65,years,Female,NA,NA,>=,74,<=,77,beats/minute,Average,NA,NA
http://www.belmarrahealth.com/resting-heart-rate-chart-factors-influence-heart-rate-elderly/,4,Heart Rate,Vital Signs,NA,> 65 years,>,65,NA,NA,years,Female,NA,NA,>=,73,<=,76,beats/minute,Average,NA,NA
http://www.belmarrahealth.com/resting-heart-rate-chart-factors-influence-heart-rate-elderly/,4,Heart Rate,Vital Signs,NA,18 - 25 years,>=,0,<=,25,years,Female,NA,NA,>=,79,<=,84,beats/minute,Below Average,NA,NA
http://www.belmarrahealth.com/resting-heart-rate-chart-factors-influence-heart-rate-elderly/,4,Heart Rate,Vital Signs,NA,26 - 35 years,>=,26,<=,35,years,Female,NA,NA,>=,77,<=,82,beats/minute,Below Average,NA,NA
http://www.belmarrahealth.com/resting-heart-rate-chart-factors-influence-heart-rate-elderly/,4,Heart Rate,Vital Signs,NA,36 - 45 years,>=,36,<=,45,years,Female,NA,NA,>=,79,<=,84,beats/minute,Below Average,NA,NA
http://www.belmarrahealth.com/resting-heart-rate-chart-factors-influence-heart-rate-elderly/,4,Heart Rate,Vital Signs,NA,46 - 55 years,>=,46,<=,55,years,Female,NA,NA,>=,78,<=,83,beats/minute,Below Average,NA,NA
http://www.belmarrahealth.com/resting-heart-rate-chart-factors-influence-heart-rate-elderly/,4,Heart Rate,Vital Signs,NA,56 - 65 years,>=,56,<=,65,years,Female,NA,NA,>=,78,<=,83,beats/minute,Below Average,NA,NA
http://www.belmarrahealth.com/resting-heart-rate-chart-factors-influence-heart-rate-elderly/,4,Heart Rate,Vital Signs,NA,> 65 years,>,65,NA,NA,years,Female,NA,NA,>=,77,<=,84,beats/minute,Below Average,NA,NA
http://www.belmarrahealth.com/resting-heart-rate-chart-factors-influence-heart-rate-elderly/,4,Heart Rate,Vital Signs,NA,18 - 25 years,>=,0,<=,25,years,Female,NA,NA,>,85,NA,NA,beats/minute,Poor,NA,NA
http://www.belmarrahealth.com/resting-heart-rate-chart-factors-influence-heart-rate-elderly/,4,Heart Rate,Vital Signs,NA,26 - 35 years,>=,26,<=,35,years,Female,NA,NA,>,83,NA,NA,beats/minute,Poor,NA,NA
http://www.belmarrahealth.com/resting-heart-rate-chart-factors-influence-heart-rate-elderly/,4,Heart Rate,Vital Signs,NA,36 - 45 years,>=,36,<=,45,years,Female,NA,NA,>,85,NA,NA,beats/minute,Poor,NA,NA
http://www.belmarrahealth.com/resting-heart-rate-chart-factors-influence-heart-rate-elderly/,4,Heart Rate,Vital Signs,NA,46 - 55 years,>=,46,<=,55,years,Female,NA,NA,>,84,NA,NA,beats/minute,Poor,NA,NA
http://www.belmarrahealth.com/resting-heart-rate-chart-factors-influence-heart-rate-elderly/,4,Heart Rate,Vital Signs,NA,56 - 65 years,>=,56,<=,65,years,Female,NA,NA,>,84,NA,NA,beats/minute,Poor,NA,NA
http://www.belmarrahealth.com/resting-heart-rate-chart-factors-influence-heart-rate-elderly/,4,Heart Rate,Vital Signs,NA,> 65 years,>,65,NA,NA,years,Female,NA,NA,>,84,NA,NA,beats/minute,Poor,NA,NA
http://www.belmarrahealth.com/resting-heart-rate-chart-factors-influence-heart-rate-elderly/,4,Heart Rate,Vital Signs,NA,18 - 25 years,>=,0,<=,25,years,Male,NA,NA,>=,49,<=,55,beats/minute,Athletic,NA,NA
http://www.belmarrahealth.com/resting-heart-rate-chart-factors-influence-heart-rate-elderly/,4,Heart Rate,Vital Signs,NA,26 - 35 years,>=,26,<=,35,years,Male,NA,NA,>=,49,<=,54,beats/minute,Athletic,NA,NA
http://www.belmarrahealth.com/resting-heart-rate-chart-factors-influence-heart-rate-elderly/,4,Heart Rate,Vital Signs,NA,36 - 45 years,>=,36,<=,45,years,Male,NA,NA,>=,50,<=,56,beats/minute,Athletic,NA,NA
http://www.belmarrahealth.com/resting-heart-rate-chart-factors-influence-heart-rate-elderly/,4,Heart Rate,Vital Signs,NA,46 - 55 years,>=,46,<=,55,years,Male,NA,NA,>=,50,<=,57,beats/minute,Athletic,NA,NA
http://www.belmarrahealth.com/resting-heart-rate-chart-factors-influence-heart-rate-elderly/,4,Heart Rate,Vital Signs,NA,56 - 65 years,>=,56,<=,65,years,Male,NA,NA,>=,51,<=,56,beats/minute,Athletic,NA,NA
http://www.belmarrahealth.com/resting-heart-rate-chart-factors-influence-heart-rate-elderly/,4,Heart Rate,Vital Signs,NA,> 65 years,>,65,NA,NA,years,Male,NA,NA,>=,50,<=,55,beats/minute,Athletic,NA,NA
http://www.belmarrahealth.com/resting-heart-rate-chart-factors-influence-heart-rate-elderly/,4,Heart Rate,Vital Signs,NA,18 - 25 years,>=,0,<=,25,years,Male,NA,NA,>=,56,<=,61,beats/minute,Excellent,NA,NA
http://www.belmarrahealth.com/resting-heart-rate-chart-factors-influence-heart-rate-elderly/,4,Heart Rate,Vital Signs,NA,26 - 35 years,>=,26,<=,35,years,Male,NA,NA,>=,55,<=,61,beats/minute,Excellent,NA,NA
http://www.belmarrahealth.com/resting-heart-rate-chart-factors-influence-heart-rate-elderly/,4,Heart Rate,Vital Signs,NA,36 - 45 years,>=,36,<=,45,years,Male,NA,NA,>=,57,<=,62,beats/minute,Excellent,NA,NA
http://www.belmarrahealth.com/resting-heart-rate-chart-factors-influence-heart-rate-elderly/,4,Heart Rate,Vital Signs,NA,46 - 55 years,>=,46,<=,55,years,Male,NA,NA,>=,58,<=,63,beats/minute,Excellent,NA,NA
http://www.belmarrahealth.com/resting-heart-rate-chart-factors-influence-heart-rate-elderly/,4,Heart Rate,Vital Signs,NA,56 - 65 years,>=,56,<=,65,years,Male,NA,NA,>=,57,<=,61,beats/minute,Excellent,NA,NA
http://www.belmarrahealth.com/resting-heart-rate-chart-factors-influence-heart-rate-elderly/,4,Heart Rate,Vital Signs,NA,> 65 years,>,65,NA,NA,years,Male,NA,NA,>=,56,<=,61,beats/minute,Excellent,NA,NA
http://www.belmarrahealth.com/resting-heart-rate-chart-factors-influence-heart-rate-elderly/,4,Heart Rate,Vital Signs,NA,18 - 25 years,>=,0,<=,25,years,Male,NA,NA,>=,62,<=,65,beats/minute,Good,NA,NA
http://www.belmarrahealth.com/resting-heart-rate-chart-factors-influence-heart-rate-elderly/,4,Heart Rate,Vital Signs,NA,26 - 35 years,>=,26,<=,35,years,Male,NA,NA,>=,62,<=,65,beats/minute,Good,NA,NA
http://www.belmarrahealth.com/resting-heart-rate-chart-factors-influence-heart-rate-elderly/,4,Heart Rate,Vital Signs,NA,36 - 45 years,>=,36,<=,45,years,Male,NA,NA,>=,63,<=,66,beats/minute,Good,NA,NA
http://www.belmarrahealth.com/resting-heart-rate-chart-factors-influence-heart-rate-elderly/,4,Heart Rate,Vital Signs,NA,46 - 55 years,>=,46,<=,55,years,Male,NA,NA,>=,64,<=,67,beats/minute,Good,NA,NA
http://www.belmarrahealth.com/resting-heart-rate-chart-factors-influence-heart-rate-elderly/,4,Heart Rate,Vital Signs,NA,56 - 65 years,>=,56,<=,65,years,Male,NA,NA,>=,62,<=,67,beats/minute,Good,NA,NA
http://www.belmarrahealth.com/resting-heart-rate-chart-factors-influence-heart-rate-elderly/,4,Heart Rate,Vital Signs,NA,> 65 years,>,65,NA,NA,years,Male,NA,NA,>=,62,<=,65,beats/minute,Good,NA,NA
http://www.belmarrahealth.com/resting-heart-rate-chart-factors-influence-heart-rate-elderly/,4,Heart Rate,Vital Signs,NA,18 - 25 years,>=,0,<=,25,years,Male,NA,NA,>=,66,<=,69,beats/minute,Above Average,NA,NA
http://www.belmarrahealth.com/resting-heart-rate-chart-factors-influence-heart-rate-elderly/,4,Heart Rate,Vital Signs,NA,26 - 35 years,>=,26,<=,35,years,Male,NA,NA,>=,66,<=,70,beats/minute,Above Average,NA,NA
http://www.belmarrahealth.com/resting-heart-rate-chart-factors-influence-heart-rate-elderly/,4,Heart Rate,Vital Signs,NA,36 - 45 years,>=,36,<=,45,years,Male,NA,NA,>=,67,<=,70,beats/minute,Above Average,NA,NA
http://www.belmarrahealth.com/resting-heart-rate-chart-factors-influence-heart-rate-elderly/,4,Heart Rate,Vital Signs,NA,46 - 55 years,>=,46,<=,55,years,Male,NA,NA,>=,68,<=,71,beats/minute,Above Average,NA,NA
http://www.belmarrahealth.com/resting-heart-rate-chart-factors-influence-heart-rate-elderly/,4,Heart Rate,Vital Signs,NA,56 - 65 years,>=,56,<=,65,years,Male,NA,NA,>=,68,<=,71,beats/minute,Above Average,NA,NA
http://www.belmarrahealth.com/resting-heart-rate-chart-factors-influence-heart-rate-elderly/,4,Heart Rate,Vital Signs,NA,> 65 years,>,65,NA,NA,years,Male,NA,NA,>=,66,<=,69,beats/minute,Above Average,NA,NA
http://www.belmarrahealth.com/resting-heart-rate-chart-factors-influence-heart-rate-elderly/,4,Heart Rate,Vital Signs,NA,18 - 25 years,>=,0,<=,25,years,Male,NA,NA,>=,70,<=,73,beats/minute,Average,NA,NA
http://www.belmarrahealth.com/resting-heart-rate-chart-factors-influence-heart-rate-elderly/,4,Heart Rate,Vital Signs,NA,26 - 35 years,>=,26,<=,35,years,Male,NA,NA,>=,71,<=,74,beats/minute,Average,NA,NA
http://www.belmarrahealth.com/resting-heart-rate-chart-factors-influence-heart-rate-elderly/,4,Heart Rate,Vital Signs,NA,36 - 45 years,>=,36,<=,45,years,Male,NA,NA,>=,71,<=,75,beats/minute,Average,NA,NA
http://www.belmarrahealth.com/resting-heart-rate-chart-factors-influence-heart-rate-elderly/,4,Heart Rate,Vital Signs,NA,46 - 55 years,>=,46,<=,55,years,Male,NA,NA,>=,72,<=,76,beats/minute,Average,NA,NA
http://www.belmarrahealth.com/resting-heart-rate-chart-factors-influence-heart-rate-elderly/,4,Heart Rate,Vital Signs,NA,56 - 65 years,>=,56,<=,65,years,Male,NA,NA,>=,72,<=,75,beats/minute,Average,NA,NA
http://www.belmarrahealth.com/resting-heart-rate-chart-factors-influence-heart-rate-elderly/,4,Heart Rate,Vital Signs,NA,> 65 years,>,65,NA,NA,years,Male,NA,NA,>=,70,<=,73,beats/minute,Average,NA,NA
http://www.belmarrahealth.com/resting-heart-rate-chart-factors-influence-heart-rate-elderly/,4,Heart Rate,Vital Signs,NA,18 - 25 years,>=,0,<=,25,years,Male,NA,NA,>=,74,<=,81,beats/minute,Below Average,NA,NA
http://www.belmarrahealth.com/resting-heart-rate-chart-factors-influence-heart-rate-elderly/,4,Heart Rate,Vital Signs,NA,26 - 35 years,>=,26,<=,35,years,Male,NA,NA,>=,75,<=,81,beats/minute,Below Average,NA,NA
http://www.belmarrahealth.com/resting-heart-rate-chart-factors-influence-heart-rate-elderly/,4,Heart Rate,Vital Signs,NA,36 - 45 years,>=,36,<=,45,years,Male,NA,NA,>=,76,<=,82,beats/minute,Below Average,NA,NA
http://www.belmarrahealth.com/resting-heart-rate-chart-factors-influence-heart-rate-elderly/,4,Heart Rate,Vital Signs,NA,46 - 55 years,>=,46,<=,55,years,Male,NA,NA,>=,77,<=,83,beats/minute,Below Average,NA,NA
http://www.belmarrahealth.com/resting-heart-rate-chart-factors-influence-heart-rate-elderly/,4,Heart Rate,Vital Signs,NA,56 - 65 years,>=,56,<=,65,years,Male,NA,NA,>=,76,<=,81,beats/minute,Below Average,NA,NA
http://www.belmarrahealth.com/resting-heart-rate-chart-factors-influence-heart-rate-elderly/,4,Heart Rate,Vital Signs,NA,> 65 years,>,65,NA,NA,years,Male,NA,NA,>=,74,<=,79,beats/minute,Below Average,NA,NA
http://www.belmarrahealth.com/resting-heart-rate-chart-factors-influence-heart-rate-elderly/,4,Heart Rate,Vital Signs,NA,18 - 25 years,>=,0,<=,25,years,Male,NA,NA,>,82,NA,NA,beats/minute,Poor,NA,NA
http://www.belmarrahealth.com/resting-heart-rate-chart-factors-influence-heart-rate-elderly/,4,Heart Rate,Vital Signs,NA,26 - 35 years,>=,26,<=,35,years,Male,NA,NA,>,82,NA,NA,beats/minute,Poor,NA,NA
http://www.belmarrahealth.com/resting-heart-rate-chart-factors-influence-heart-rate-elderly/,4,Heart Rate,Vital Signs,NA,36 - 45 years,>=,36,<=,45,years,Male,NA,NA,>,83,NA,NA,beats/minute,Poor,NA,NA
http://www.belmarrahealth.com/resting-heart-rate-chart-factors-influence-heart-rate-elderly/,4,Heart Rate,Vital Signs,NA,46 - 55 years,>=,46,<=,55,years,Male,NA,NA,>,84,NA,NA,beats/minute,Poor,NA,NA
http://www.belmarrahealth.com/resting-heart-rate-chart-factors-influence-heart-rate-elderly/,4,Heart Rate,Vital Signs,NA,56 - 65 years,>=,56,<=,65,years,Male,NA,NA,>,82,NA,NA,beats/minute,Poor,NA,NA
http://www.belmarrahealth.com/resting-heart-rate-chart-factors-influence-heart-rate-elderly/,4,Heart Rate,Vital Signs,NA,> 65 years,>,65,NA,NA,years,Male,NA,NA,>,80,NA,NA,beats/minute,Poor,NA,NA
https://mountsinai.worldcat.org/title/laboratory-tests-and-diagnostic-procedures/oclc/826647667&referer=brief_results; http://www.mayoclinic.org/symptoms/hypoxemia/basics/definition/sym-20050930,3,Oxygen Saturation,Vital Signs,NA,NA,NA,NA,NA,NA,NA,NA,NA,NA,<,94,NA,NA,% of oxygenated haemoglobin,Low,NA,NA
https://mountsinai.worldcat.org/title/laboratory-tests-and-diagnostic-procedures/oclc/826647667&referer=brief_results; https://medlineplus.gov/ency/article/003855.htm,3,Oxygen Saturation,Vital Signs,NA,Adults,NA,Adults,NA,NA,NA,NA,NA,NA,>=,94,<=,100,% of oxygenated haemoglobin,Normal,NA,NA
"http://www.hopkinsmedicine.org/healthlibrary/conditions/cardiovascular_diseases/vital_signs_body_temperature_pulse_rate_respiration_rate_blood_pressure_85,P00866/; https://www.urmc.rochester.edu/encyclopedia/content.aspx?ContentTypeID=85&ContentID=P00866",4,Temperature,Vital Signs,NA,Adults,NA,Adults,NA,NA,NA,NA,NA,NA,<,95,NA,NA,Fahrenheit,Hypothermia,NA,NA
"http://www.hopkinsmedicine.org/healthlibrary/conditions/cardiovascular_diseases/vital_signs_body_temperature_pulse_rate_respiration_rate_blood_pressure_85,P00866/; https://www.urmc.rochester.edu/encyclopedia/content.aspx?ContentTypeID=85&ContentID=P00866",4,Temperature,Vital Signs,NA,Adults,NA,Adults,NA,NA,NA,NA,NA,NA,>=,95,<=,97,Fahrenheit,Low,NA,NA
"http://www.hopkinsmedicine.org/healthlibrary/conditions/cardiovascular_diseases/vital_signs_body_temperature_pulse_rate_respiration_rate_blood_pressure_85,P00866/; https://www.urmc.rochester.edu/encyclopedia/content.aspx?ContentTypeID=85&ContentID=P00866",4,Temperature,Vital Signs,NA,Adults,NA,Adults,NA,NA,NA,NA,NA,NA,>,97,<=,99,Fahrenheit,Normal,NA,NA
"http://www.hopkinsmedicine.org/healthlibrary/conditions/cardiovascular_diseases/vital_signs_body_temperature_pulse_rate_respiration_rate_blood_pressure_85,P00866/; https://www.urmc.rochester.edu/encyclopedia/content.aspx?ContentTypeID=85&ContentID=P00866",4,Temperature,Vital Signs,NA,Adults,NA,Adults,NA,NA,NA,NA,NA,NA,>,99,<=,100.4,Fahrenheit,Elevated,NA,NA
"http://www.hopkinsmedicine.org/healthlibrary/conditions/cardiovascular_diseases/vital_signs_body_temperature_pulse_rate_respiration_rate_blood_pressure_85,P00866/; https://www.urmc.rochester.edu/encyclopedia/content.aspx?ContentTypeID=85&ContentID=P00866",4,Temperature,Vital Signs,NA,Adults,NA,Adults,NA,NA,NA,NA,NA,NA,>,100.4,NA,NA,Fahrenheit,Fever,NA,NA
http://journals.plos.org/plosone/article?id=10.1371%2Fjournal.pone.0068716,1,Trunk to Leg Volume Ratio - Defunct,Fit3d Proscanner,NA,>= 20 years,>=,20,NA,NA,years,NA,NA,NA,<,1.34,NA,NA,NA,"Q1; Significantly increased prevalence of diabetes, high triglycerides, low HDL, high blood pressure, metabolic syndrome, and subsequent mortality with each quartile",NA,"Divided into 4 quartiles in the paper - a high trunk to leg volume ratio was associated with diabetes, high triglycerides, low HDL, high blood pressure, metabolic syndrome, and subsequent mortality"
http://journals.plos.org/plosone/article?id=10.1371%2Fjournal.pone.0068716,1,Trunk to Leg Volume Ratio - Defunct,Fit3d Proscanner,NA,>= 20 years,>=,20,NA,NA,years,NA,NA,NA,>=,1.34,<=,1.49,NA,"Q2; Significantly increased prevalence of diabetes, high triglycerides, low HDL, high blood pressure, metabolic syndrome, and subsequent mortality with each quartile",NA,"Divided into 4 quartiles in the paper - a high trunk to leg volume ratio was associated with diabetes, high triglycerides, low HDL, high blood pressure, metabolic syndrome, and subsequent mortality"
http://journals.plos.org/plosone/article?id=10.1371%2Fjournal.pone.0068716,1,Trunk to Leg Volume Ratio - Defunct,Fit3d Proscanner,NA,>= 20 years,>=,20,NA,NA,years,NA,NA,NA,>=,1.5,<=,1.65,NA,"Q3; Significantly increased prevalence of diabetes, high triglycerides, low HDL, high blood pressure, metabolic syndrome, and subsequent mortality with each quartile",NA,"Divided into 4 quartiles in the paper - a high trunk to leg volume ratio was associated with diabetes, high triglycerides, low HDL, high blood pressure, metabolic syndrome, and subsequent mortality"
http://journals.plos.org/plosone/article?id=10.1371%2Fjournal.pone.0068716,1,Trunk to Leg Volume Ratio - Defunct,Fit3d Proscanner,NA,>= 20 years,>=,20,NA,NA,years,NA,NA,NA,>=,1.66,NA,NA,NA,"Q4; Significantly increased prevalence of diabetes, high triglycerides, low HDL, high blood pressure, metabolic syndrome, and subsequent mortality with each quartile",NA,"Divided into 4 quartiles in the paper - a high trunk to leg volume ratio was associated with diabetes, high triglycerides, low HDL, high blood pressure, metabolic syndrome, and subsequent mortality"
http://journals.plos.org/plosone/article?id=10.1371%2Fjournal.pone.0068716,1,Trunk to Leg Volume Ratio - Defunct,Fit3d Proscanner,NA,>= 20 years,>=,20,NA,NA,years,Female,NA,NA,<,1.34,NA,NA,NA,"Q1; Significantly increased prevalence of diabetes, high triglycerides, low HDL, high blood pressure, metabolic syndrome, and subsequent mortality with each quartile",NA,"Divided into 4 quartiles in the paper - a high trunk to leg volume ratio was associated with diabetes, high triglycerides, low HDL, high blood pressure, metabolic syndrome, and subsequent mortality"
http://journals.plos.org/plosone/article?id=10.1371%2Fjournal.pone.0068716,1,Trunk to Leg Volume Ratio - Defunct,Fit3d Proscanner,NA,>= 20 years,>=,20,NA,NA,years,Female,NA,NA,>=,1.34,<=,1.49,NA,"Q2; Significantly increased prevalence of diabetes, high triglycerides, low HDL, high blood pressure, metabolic syndrome, and subsequent mortality with each quartile",NA,"Divided into 4 quartiles in the paper - a high trunk to leg volume ratio was associated with diabetes, high triglycerides, low HDL, high blood pressure, metabolic syndrome, and subsequent mortality"
http://journals.plos.org/plosone/article?id=10.1371%2Fjournal.pone.0068716,1,Trunk to Leg Volume Ratio - Defunct,Fit3d Proscanner,NA,>= 20 years,>=,20,NA,NA,years,Female,NA,NA,>=,1.5,<=,1.65,NA,"Q3; Significantly increased prevalence of diabetes, high triglycerides, low HDL, high blood pressure, metabolic syndrome, and subsequent mortality with each quartile",NA,"Divided into 4 quartiles in the paper - a high trunk to leg volume ratio was associated with diabetes, high triglycerides, low HDL, high blood pressure, metabolic syndrome, and subsequent mortality"
http://journals.plos.org/plosone/article?id=10.1371%2Fjournal.pone.0068716,1,Trunk to Leg Volume Ratio - Defunct,Fit3d Proscanner,NA,>= 20 years,>=,20,NA,NA,years,Female,NA,NA,>=,1.66,NA,NA,NA,"Q4; Significantly increased prevalence of diabetes, high triglycerides, low HDL, high blood pressure, metabolic syndrome, and subsequent mortality with each quartile",NA,"Divided into 4 quartiles in the paper - a high trunk to leg volume ratio was associated with diabetes, high triglycerides, low HDL, high blood pressure, metabolic syndrome, and subsequent mortality"
http://journals.plos.org/plosone/article?id=10.1371%2Fjournal.pone.0068716,1,Trunk to Leg Volume Ratio - Defunct,Fit3d Proscanner,NA,>= 20 years,>=,20,NA,NA,years,Male,NA,NA,<,1.34,NA,NA,NA,"Q1; Significantly increased prevalence of diabetes, high triglycerides, low HDL, high blood pressure, metabolic syndrome, and subsequent mortality with each quartile",NA,"Divided into 4 quartiles in the paper - a high trunk to leg volume ratio was associated with diabetes, high triglycerides, low HDL, high blood pressure, metabolic syndrome, and subsequent mortality"
http://journals.plos.org/plosone/article?id=10.1371%2Fjournal.pone.0068716,1,Trunk to Leg Volume Ratio - Defunct,Fit3d Proscanner,NA,>= 20 years,>=,20,NA,NA,years,Male,NA,NA,>=,1.34,<=,1.49,NA,"Q2; Significantly increased prevalence of diabetes, high triglycerides, low HDL, high blood pressure, metabolic syndrome, and subsequent mortality with each quartile",NA,"Divided into 4 quartiles in the paper - a high trunk to leg volume ratio was associated with diabetes, high triglycerides, low HDL, high blood pressure, metabolic syndrome, and subsequent mortality"
http://journals.plos.org/plosone/article?id=10.1371%2Fjournal.pone.0068716,1,Trunk to Leg Volume Ratio - Defunct,Fit3d Proscanner,NA,>= 20 years,>=,20,NA,NA,years,Male,NA,NA,>=,1.5,<=,1.65,NA,"Q3; Significantly increased prevalence of diabetes, high triglycerides, low HDL, high blood pressure, metabolic syndrome, and subsequent mortality with each quartile",NA,"Divided into 4 quartiles in the paper - a high trunk to leg volume ratio was associated with diabetes, high triglycerides, low HDL, high blood pressure, metabolic syndrome, and subsequent mortality"
http://journals.plos.org/plosone/article?id=10.1371%2Fjournal.pone.0068716,1,Trunk to Leg Volume Ratio - Defunct,Fit3d Proscanner,NA,>= 20 years,>=,20,NA,NA,years,Male,NA,NA,>=,1.66,NA,NA,NA,"Q4; Significantly increased prevalence of diabetes, high triglycerides, low HDL, high blood pressure, metabolic syndrome, and subsequent mortality with each quartile",NA,"Divided into 4 quartiles in the paper - a high trunk to leg volume ratio was associated with diabetes, high triglycerides, low HDL, high blood pressure, metabolic syndrome, and subsequent mortality"
http://journals.plos.org/plosone/article?id=10.1371%2Fjournal.pone.0068716,1,Trunk to Leg Volume Ratio - Defunct,Fit3d Proscanner,Mexican American,>= 20 years,>=,20,NA,NA,years,NA,NA,NA,<,1.34,NA,NA,NA,"Q1; Significantly increased prevalence of diabetes, high triglycerides, low HDL, high blood pressure, metabolic syndrome, and subsequent mortality with each quartile",NA,"Divided into 4 quartiles in the paper - a high trunk to leg volume ratio was associated with diabetes, high triglycerides, low HDL, high blood pressure, metabolic syndrome, and subsequent mortality"
http://journals.plos.org/plosone/article?id=10.1371%2Fjournal.pone.0068716,1,Trunk to Leg Volume Ratio - Defunct,Fit3d Proscanner,Mexican American,>= 20 years,>=,20,NA,NA,years,NA,NA,NA,>=,1.34,<=,1.49,NA,"Q2; Significantly increased prevalence of diabetes, high triglycerides, low HDL, high blood pressure, metabolic syndrome, and subsequent mortality with each quartile",NA,"Divided into 4 quartiles in the paper - a high trunk to leg volume ratio was associated with diabetes, high triglycerides, low HDL, high blood pressure, metabolic syndrome, and subsequent mortality"
http://journals.plos.org/plosone/article?id=10.1371%2Fjournal.pone.0068716,1,Trunk to Leg Volume Ratio - Defunct,Fit3d Proscanner,Mexican American,>= 20 years,>=,20,NA,NA,years,NA,NA,NA,>=,1.5,<=,1.65,NA,"Q3; Significantly increased prevalence of diabetes, high triglycerides, low HDL, high blood pressure, metabolic syndrome, and subsequent mortality with each quartile",NA,"Divided into 4 quartiles in the paper - a high trunk to leg volume ratio was associated with diabetes, high triglycerides, low HDL, high blood pressure, metabolic syndrome, and subsequent mortality"
http://journals.plos.org/plosone/article?id=10.1371%2Fjournal.pone.0068716,1,Trunk to Leg Volume Ratio - Defunct,Fit3d Proscanner,Mexican American,>= 20 years,>=,20,NA,NA,years,NA,NA,NA,>=,1.66,NA,NA,NA,"Q4; Significantly increased prevalence of diabetes, high triglycerides, low HDL, high blood pressure, metabolic syndrome, and subsequent mortality with each quartile",NA,"Divided into 4 quartiles in the paper - a high trunk to leg volume ratio was associated with diabetes, high triglycerides, low HDL, high blood pressure, metabolic syndrome, and subsequent mortality"
http://journals.plos.org/plosone/article?id=10.1371%2Fjournal.pone.0068716,1,Trunk to Leg Volume Ratio - Defunct,Fit3d Proscanner,Non-Hispanic Black,>= 20 years,>=,20,NA,NA,years,NA,NA,NA,<,1.34,NA,NA,NA,"Q1; Significantly increased prevalence of diabetes, high triglycerides, low HDL, high blood pressure, metabolic syndrome, and subsequent mortality with each quartile",NA,"Divided into 4 quartiles in the paper - a high trunk to leg volume ratio was associated with diabetes, high triglycerides, low HDL, high blood pressure, metabolic syndrome, and subsequent mortality"
http://journals.plos.org/plosone/article?id=10.1371%2Fjournal.pone.0068716,1,Trunk to Leg Volume Ratio - Defunct,Fit3d Proscanner,Non-Hispanic Black,>= 20 years,>=,20,NA,NA,years,NA,NA,NA,>=,1.34,<=,1.49,NA,"Q2; Significantly increased prevalence of diabetes, high triglycerides, low HDL, high blood pressure, metabolic syndrome, and subsequent mortality with each quartile",NA,"Divided into 4 quartiles in the paper - a high trunk to leg volume ratio was associated with diabetes, high triglycerides, low HDL, high blood pressure, metabolic syndrome, and subsequent mortality"
http://journals.plos.org/plosone/article?id=10.1371%2Fjournal.pone.0068716,1,Trunk to Leg Volume Ratio - Defunct,Fit3d Proscanner,Non-Hispanic Black,>= 20 years,>=,20,NA,NA,years,NA,NA,NA,>=,1.5,<=,1.65,NA,"Q3; Significantly increased prevalence of diabetes, high triglycerides, low HDL, high blood pressure, metabolic syndrome, and subsequent mortality with each quartile",NA,"Divided into 4 quartiles in the paper - a high trunk to leg volume ratio was associated with diabetes, high triglycerides, low HDL, high blood pressure, metabolic syndrome, and subsequent mortality"
http://journals.plos.org/plosone/article?id=10.1371%2Fjournal.pone.0068716,1,Trunk to Leg Volume Ratio - Defunct,Fit3d Proscanner,Non-Hispanic Black,>= 20 years,>=,20,NA,NA,years,NA,NA,NA,>=,1.66,NA,NA,NA,"Q4; Significantly increased prevalence of diabetes, high triglycerides, low HDL, high blood pressure, metabolic syndrome, and subsequent mortality with each quartile",NA,"Divided into 4 quartiles in the paper - a high trunk to leg volume ratio was associated with diabetes, high triglycerides, low HDL, high blood pressure, metabolic syndrome, and subsequent mortality"
http://journals.plos.org/plosone/article?id=10.1371%2Fjournal.pone.0068716,1,Trunk to Leg Volume Ratio - Defunct,Fit3d Proscanner,Non-Hispanic White,>= 20 years,>=,20,NA,NA,years,NA,NA,NA,<,1.34,NA,NA,NA,"Q1; Significantly increased prevalence of diabetes, high triglycerides, low HDL, high blood pressure, metabolic syndrome, and subsequent mortality with each quartile",NA,"Divided into 4 quartiles in the paper - a high trunk to leg volume ratio was associated with diabetes, high triglycerides, low HDL, high blood pressure, metabolic syndrome, and subsequent mortality"
http://journals.plos.org/plosone/article?id=10.1371%2Fjournal.pone.0068716,1,Trunk to Leg Volume Ratio - Defunct,Fit3d Proscanner,Non-Hispanic White,>= 20 years,>=,20,NA,NA,years,NA,NA,NA,>=,1.34,<=,1.49,NA,"Q2; Significantly increased prevalence of diabetes, high triglycerides, low HDL, high blood pressure, metabolic syndrome, and subsequent mortality with each quartile",NA,"Divided into 4 quartiles in the paper - a high trunk to leg volume ratio was associated with diabetes, high triglycerides, low HDL, high blood pressure, metabolic syndrome, and subsequent mortality"
http://journals.plos.org/plosone/article?id=10.1371%2Fjournal.pone.0068716,1,Trunk to Leg Volume Ratio - Defunct,Fit3d Proscanner,Non-Hispanic White,>= 20 years,>=,20,NA,NA,years,NA,NA,NA,>=,1.5,<=,1.65,NA,"Q3; Significantly increased prevalence of diabetes, high triglycerides, low HDL, high blood pressure, metabolic syndrome, and subsequent mortality with each quartile",NA,"Divided into 4 quartiles in the paper - a high trunk to leg volume ratio was associated with diabetes, high triglycerides, low HDL, high blood pressure, metabolic syndrome, and subsequent mortality"
http://journals.plos.org/plosone/article?id=10.1371%2Fjournal.pone.0068716,1,Trunk to Leg Volume Ratio - Defunct,Fit3d Proscanner,Non-Hispanic White,>= 20 years,>=,20,NA,NA,years,NA,NA,NA,>=,1.66,NA,NA,NA,"Q4; Significantly increased prevalence of diabetes, high triglycerides, low HDL, high blood pressure, metabolic syndrome, and subsequent mortality with each quartile",NA,"Divided into 4 quartiles in the paper - a high trunk to leg volume ratio was associated with diabetes, high triglycerides, low HDL, high blood pressure, metabolic syndrome, and subsequent mortality"
,,Waist to Hip Ratio,Fit3d Proscanner,NA,>= 20 years,<,30,NA,NA,years,Male,NA,NA,<,0.83,NA,NA,NA,Low Risk,NA,NA
,,Waist to Hip Ratio,Fit3d Proscanner,NA,>= 30 years,>=,30,<,40,years,Male,NA,NA,<,0.84,NA,NA,NA,Low Risk,NA,NA
,,Waist to Hip Ratio,Fit3d Proscanner,NA,>= 40 years,>=,40,<,50,years,Male,NA,NA,<,0.88,NA,NA,NA,Low Risk,NA,NA
,,Waist to Hip Ratio,Fit3d Proscanner,NA,>= 50 years,>=,50,<,60,years,Male,NA,NA,<,0.9,NA,NA,NA,Low Risk,NA,NA
,,Waist to Hip Ratio,Fit3d Proscanner,NA,>= 60 years,>=,60,NA,NA,years,Male,NA,NA,<,0.91,NA,NA,NA,Low Risk,NA,NA
,,Waist to Hip Ratio,Fit3d Proscanner,NA,>= 20 years,<,30,NA,NA,years,Female,NA,NA,<,0.71,NA,NA,NA,Low Risk,NA,NA
,,Waist to Hip Ratio,Fit3d Proscanner,NA,>= 30 years,>=,30,<,40,years,Female,NA,NA,<,0.72,NA,NA,NA,Low Risk,NA,NA
,,Waist to Hip Ratio,Fit3d Proscanner,NA,>= 40 years,>=,40,<,50,years,Female,NA,NA,<,0.73,NA,NA,NA,Low Risk,NA,NA
,,Waist to Hip Ratio,Fit3d Proscanner,NA,>= 50 years,>=,50,<,60,years,Female,NA,NA,<,0.74,NA,NA,NA,Low Risk,NA,NA
,,Waist to Hip Ratio,Fit3d Proscanner,NA,>= 60 years,>=,60,NA,NA,years,Female,NA,NA,<,0.76,NA,NA,NA,Low Risk,NA,NA
,,Waist to Hip Ratio,Fit3d Proscanner,NA,>= 20 years,<,30,NA,NA,years,Male,NA,NA,>=,0.83,<=,0.88,NA,Moderate Risk,NA,NA
,,Waist to Hip Ratio,Fit3d Proscanner,NA,>= 30 years,>=,30,<,40,years,Male,NA,NA,>=,0.84,<=,0.91,NA,Moderate Risk,NA,NA
,,Waist to Hip Ratio,Fit3d Proscanner,NA,>= 40 years,>=,40,<,50,years,Male,NA,NA,>=,0.88,<=,0.95,NA,Moderate Risk,NA,NA
,,Waist to Hip Ratio,Fit3d Proscanner,NA,>= 50 years,>=,50,<,60,years,Male,NA,NA,>=,0.9,<=,0.96,NA,Moderate Risk,NA,NA
,,Waist to Hip Ratio,Fit3d Proscanner,NA,>= 60 years,>=,60,NA,NA,years,Male,NA,NA,>=,0.91,<=,0.98,NA,Moderate Risk,NA,NA
,,Waist to Hip Ratio,Fit3d Proscanner,NA,>= 20 years,<,30,NA,NA,years,Female,NA,NA,>=,0.71,<=,0.77,NA,Moderate Risk,NA,NA
,,Waist to Hip Ratio,Fit3d Proscanner,NA,>= 30 years,>=,30,<,40,years,Female,NA,NA,>=,0.72,<=,0.78,NA,Moderate Risk,NA,NA
,,Waist to Hip Ratio,Fit3d Proscanner,NA,>= 40 years,>=,40,<,50,years,Female,NA,NA,>=,0.73,<=,0.79,NA,Moderate Risk,NA,NA
,,Waist to Hip Ratio,Fit3d Proscanner,NA,>= 50 years,>=,50,<,60,years,Female,NA,NA,>=,0.74,<=,0.81,NA,Moderate Risk,NA,NA
,,Waist to Hip Ratio,Fit3d Proscanner,NA,>= 60 years,>=,60,NA,NA,years,Female,NA,NA,>=,0.76,<=,0.83,NA,Moderate Risk,NA,NA
,,Waist to Hip Ratio,Fit3d Proscanner,NA,>= 20 years,<,30,NA,NA,years,Male,NA,NA,>,0.88,NA,NA,NA,High Risk,NA,NA
,,Waist to Hip Ratio,Fit3d Proscanner,NA,>= 30 years,>=,30,<,40,years,Male,NA,NA,>,0.91,NA,NA,NA,High Risk,NA,NA
,,Waist to Hip Ratio,Fit3d Proscanner,NA,>= 40 years,>=,40,<,50,years,Male,NA,NA,>,0.95,NA,NA,NA,High Risk,NA,NA
,,Waist to Hip Ratio,Fit3d Proscanner,NA,>= 50 years,>=,50,<,60,years,Male,NA,NA,>,0.96,NA,NA,NA,High Risk,NA,NA
,,Waist to Hip Ratio,Fit3d Proscanner,NA,>= 60 years,>=,60,NA,NA,years,Male,NA,NA,>,0.98,NA,NA,NA,High Risk,NA,NA
,,Waist to Hip Ratio,Fit3d Proscanner,NA,>= 20 years,<,30,NA,NA,years,Female,NA,NA,>,0.77,NA,NA,NA,High Risk,NA,NA
,,Waist to Hip Ratio,Fit3d Proscanner,NA,>= 30 years,>=,30,<,40,years,Female,NA,NA,>,0.78,NA,NA,NA,High Risk,NA,NA
,,Waist to Hip Ratio,Fit3d Proscanner,NA,>= 40 years,>=,40,<,50,years,Female,NA,NA,>,0.79,NA,NA,NA,High Risk,NA,NA
,,Waist to Hip Ratio,Fit3d Proscanner,NA,>= 50 years,>=,50,<,60,years,Female,NA,NA,>,0.81,NA,NA,NA,High Risk,NA,NA
,,Waist to Hip Ratio,Fit3d Proscanner,NA,>= 60 years,>=,60,NA,NA,years,Female,NA,NA,>,0.83,NA,NA,NA,High Risk,NA,NA
https://www.abaxis.com/sites/default/files/resource-packages/Comprehensive%20Metabolic%20Panel%20Package%20Insert-EN_0.pdf,4,Albumin (ALB),Abbott Piccolo Xpress,NA,NA,NA,NA,NA,NA,NA,NA,NA,NA,<,3.3,NA,NA,mg/dL,Low,NA,NA
https://www.abaxis.com/sites/default/files/resource-packages/Comprehensive%20Metabolic%20Panel%20Package%20Insert-EN_0.pdf,4,Albumin (ALB),Abbott Piccolo Xpress,NA,NA,NA,NA,NA,NA,NA,NA,NA,NA,>=,3.3,<=,5.5,mg/dL,Normal,NA,NA
https://www.abaxis.com/sites/default/files/resource-packages/Comprehensive%20Metabolic%20Panel%20Package%20Insert-EN_0.pdf,4,Albumin (ALB),Abbott Piccolo Xpress,NA,NA,NA,NA,NA,NA,NA,NA,NA,NA,>,5.5,NA,NA,mg/dL,High,NA,NA
https://www.abaxis.com/sites/default/files/resource-packages/Comprehensive%20Metabolic%20Panel%20Package%20Insert-EN_0.pdf,3,Alkaline Phosphatase (ALP),Abbott Piccolo Xpress,NA,NA,NA,NA,NA,NA,NA,Female,NA,NA,<,42,NA,NA,IU/L,Low,NA,NA
https://www.abaxis.com/sites/default/files/resource-packages/Comprehensive%20Metabolic%20Panel%20Package%20Insert-EN_0.pdf,3,Alkaline Phosphatase (ALP),Abbott Piccolo Xpress,NA,NA,NA,NA,NA,NA,NA,Female,NA,NA,>=,42,<=,141,IU/L,Normal,NA,NA
https://www.abaxis.com/sites/default/files/resource-packages/Comprehensive%20Metabolic%20Panel%20Package%20Insert-EN_0.pdf,3,Alkaline Phosphatase (ALP),Abbott Piccolo Xpress,NA,NA,NA,NA,NA,NA,NA,Female,NA,NA,>,141,NA,NA,IU/L,High,NA,NA
https://www.abaxis.com/sites/default/files/resource-packages/Comprehensive%20Metabolic%20Panel%20Package%20Insert-EN_0.pdf,3,Alkaline Phosphatase (ALP),Abbott Piccolo Xpress,NA,NA,NA,NA,NA,NA,NA,Male,NA,NA,<,53,NA,NA,IU/L,Low,NA,NA
https://www.abaxis.com/sites/default/files/resource-packages/Comprehensive%20Metabolic%20Panel%20Package%20Insert-EN_0.pdf,3,Alkaline Phosphatase (ALP),Abbott Piccolo Xpress,NA,NA,NA,NA,NA,NA,NA,Male,NA,NA,>=,53,<=,128,IU/L,Normal,NA,NA
https://www.abaxis.com/sites/default/files/resource-packages/Comprehensive%20Metabolic%20Panel%20Package%20Insert-EN_0.pdf,3,Alkaline Phosphatase (ALP),Abbott Piccolo Xpress,NA,NA,NA,NA,NA,NA,NA,Male,NA,NA,>,128,NA,NA,IU/L,High,NA,NA
https://www.abaxis.com/sites/default/files/resource-packages/Comprehensive%20Metabolic%20Panel%20Package%20Insert-EN_0.pdf,3,Alanine Aminotransferase (ALT),Abbott Piccolo Xpress,NA,NA,NA,NA,NA,NA,NA,NA,NA,NA,<,10,NA,NA,IU/L,Low,NA,NA
https://www.abaxis.com/sites/default/files/resource-packages/Comprehensive%20Metabolic%20Panel%20Package%20Insert-EN_0.pdf,3,Alanine Aminotransferase (ALT),Abbott Piccolo Xpress,NA,NA,NA,NA,NA,NA,NA,NA,NA,NA,>=,10,<=,47,IU/L,Normal,NA,NA
https://www.abaxis.com/sites/default/files/resource-packages/Comprehensive%20Metabolic%20Panel%20Package%20Insert-EN_0.pdf,3,Alanine Aminotransferase (ALT),Abbott Piccolo Xpress,NA,NA,NA,NA,NA,NA,NA,NA,NA,NA,>,47,NA,NA,IU/L,High,NA,NA
https://www.abaxis.com/sites/default/files/resource-packages/Comprehensive%20Metabolic%20Panel%20Package%20Insert-EN_0.pdf,2,Aspartate Aminotransferase (AST),Abbott Piccolo Xpress,NA,NA,NA,NA,NA,NA,NA,NA,NA,NA,<,11,NA,NA,IU/L,Low,NA,NA
https://www.abaxis.com/sites/default/files/resource-packages/Comprehensive%20Metabolic%20Panel%20Package%20Insert-EN_0.pdf,2,Aspartate Aminotransferase (AST),Abbott Piccolo Xpress,NA,NA,NA,NA,NA,NA,NA,NA,NA,NA,>=,11,<=,38,IU/L,Normal,NA,NA
https://www.abaxis.com/sites/default/files/resource-packages/Comprehensive%20Metabolic%20Panel%20Package%20Insert-EN_0.pdf,2,Aspartate Aminotransferase (AST),Abbott Piccolo Xpress,NA,NA,NA,NA,NA,NA,NA,NA,NA,NA,>,38,NA,NA,IU/L,High,NA,NA
https://www.abaxis.com/sites/default/files/resource-packages/Comprehensive%20Metabolic%20Panel%20Package%20Insert-EN_0.pdf,4,Bicarbonate (tCO2),Abbott Piccolo Xpress,NA,NA,NA,NA,NA,NA,NA,NA,NA,NA,<,18,NA,NA,mg/dL,Low,NA,NA
https://www.abaxis.com/sites/default/files/resource-packages/Comprehensive%20Metabolic%20Panel%20Package%20Insert-EN_0.pdf,4,Bicarbonate (tCO2),Abbott Piccolo Xpress,NA,NA,NA,NA,NA,NA,NA,NA,NA,NA,>=,18,<=,33,mg/dL,Normal,NA,NA
https://www.abaxis.com/sites/default/files/resource-packages/Comprehensive%20Metabolic%20Panel%20Package%20Insert-EN_0.pdf,4,Bicarbonate (tCO2),Abbott Piccolo Xpress,NA,NA,NA,NA,NA,NA,NA,NA,NA,NA,>,33,NA,NA,mg/dL,High,NA,NA
https://www.abaxis.com/sites/default/files/resource-packages/Comprehensive%20Metabolic%20Panel%20Package%20Insert-EN_0.pdf,4,Blood Urea Nitrogen (BUN),Abbott Piccolo Xpress,NA,NA,NA,NA,NA,NA,NA,NA,NA,NA,<,7,NA,NA,mg/dL,Low,NA,NA
https://www.abaxis.com/sites/default/files/resource-packages/Comprehensive%20Metabolic%20Panel%20Package%20Insert-EN_0.pdf,4,Blood Urea Nitrogen (BUN),Abbott Piccolo Xpress,NA,NA,NA,NA,NA,NA,NA,NA,NA,NA,>=,7,<=,22,mg/dL,Normal,NA,NA
https://www.abaxis.com/sites/default/files/resource-packages/Comprehensive%20Metabolic%20Panel%20Package%20Insert-EN_0.pdf,4,Blood Urea Nitrogen (BUN),Abbott Piccolo Xpress,NA,NA,NA,NA,NA,NA,NA,NA,NA,NA,>,22,NA,NA,mg/dL,High,NA,NA
https://www.abaxis.com/sites/default/files/resource-packages/Comprehensive%20Metabolic%20Panel%20Package%20Insert-EN_0.pdf,4,Calcium (Ca2+),Abbott Piccolo Xpress,NA,NA,NA,NA,NA,NA,NA,NA,NA,NA,<,8,NA,NA,mg/dL,Low,NA,NA
https://www.abaxis.com/sites/default/files/resource-packages/Comprehensive%20Metabolic%20Panel%20Package%20Insert-EN_0.pdf,4,Calcium (Ca2+),Abbott Piccolo Xpress,NA,NA,NA,NA,NA,NA,NA,NA,NA,NA,>=,8,<=,10.3,mg/dL,Normal,NA,NA
https://www.abaxis.com/sites/default/files/resource-packages/Comprehensive%20Metabolic%20Panel%20Package%20Insert-EN_0.pdf,4,Calcium (Ca2+),Abbott Piccolo Xpress,NA,NA,NA,NA,NA,NA,NA,NA,NA,NA,>,10.3,NA,NA,mg/dL,High,NA,NA
https://www.abaxis.com/sites/default/files/resource-packages/Comprehensive%20Metabolic%20Panel%20Package%20Insert-EN_0.pdf,4,Chloride (Cl-),Abbott Piccolo Xpress,NA,NA,NA,NA,NA,NA,NA,NA,NA,NA,<,98,NA,NA,mg/dL,Low,NA,NA
https://www.abaxis.com/sites/default/files/resource-packages/Comprehensive%20Metabolic%20Panel%20Package%20Insert-EN_0.pdf,4,Chloride (Cl-),Abbott Piccolo Xpress,NA,NA,NA,NA,NA,NA,NA,NA,NA,NA,>=,98,<=,108,mg/dL,Normal,NA,NA
https://www.abaxis.com/sites/default/files/resource-packages/Comprehensive%20Metabolic%20Panel%20Package%20Insert-EN_0.pdf,4,Chloride (Cl-),Abbott Piccolo Xpress,NA,NA,NA,NA,NA,NA,NA,NA,NA,NA,>,108,NA,NA,mg/dL,High,NA,NA
https://www.abaxis.com/sites/default/files/resource-packages/Comprehensive%20Metabolic%20Panel%20Package%20Insert-EN_0.pdf,4,Creatinine (CRE),Abbott Piccolo Xpress,NA,NA,NA,NA,NA,NA,NA,NA,NA,NA,<,0.6,NA,NA,mg/dL,Low,NA,NA
https://www.abaxis.com/sites/default/files/resource-packages/Comprehensive%20Metabolic%20Panel%20Package%20Insert-EN_0.pdf,4,Creatinine (CRE),Abbott Piccolo Xpress,NA,NA,NA,NA,NA,NA,NA,NA,NA,NA,>=,0.6,<=,1.2,mg/dL,Normal,NA,NA
https://www.abaxis.com/sites/default/files/resource-packages/Comprehensive%20Metabolic%20Panel%20Package%20Insert-EN_0.pdf,4,Creatinine (CRE),Abbott Piccolo Xpress,NA,NA,NA,NA,NA,NA,NA,NA,NA,NA,>,1.2,NA,NA,mg/dL,High,NA,NA
https://www.abaxis.com/sites/default/files/resource-packages/Comprehensive%20Metabolic%20Panel%20Package%20Insert-EN_0.pdf,3,Glucose (GLU),Abbott Piccolo Xpress,NA,NA,NA,NA,NA,NA,NA,NA,NA,NA,<,73,NA,NA,mg/dL,Low,NA,NA
https://www.abaxis.com/sites/default/files/resource-packages/Comprehensive%20Metabolic%20Panel%20Package%20Insert-EN_0.pdf,3,Glucose (GLU),Abbott Piccolo Xpress,NA,NA,NA,NA,NA,NA,NA,NA,NA,NA,>=,73,<=,118,mg/dL,Normal,NA,NA
https://www.abaxis.com/sites/default/files/resource-packages/Comprehensive%20Metabolic%20Panel%20Package%20Insert-EN_0.pdf,3,Glucose (GLU),Abbott Piccolo Xpress,NA,NA,NA,NA,NA,NA,NA,NA,NA,NA,>,118,NA,NA,mg/dL,High,NA,NA
https://www.abaxis.com/sites/default/files/resource-packages/Comprehensive%20Metabolic%20Panel%20Package%20Insert-EN_0.pdf,4,Potassium (K+),Abbott Piccolo Xpress,NA,NA,NA,NA,NA,NA,NA,NA,NA,NA,<,3.6,NA,NA,mmol/L,Low,NA,NA
https://www.abaxis.com/sites/default/files/resource-packages/Comprehensive%20Metabolic%20Panel%20Package%20Insert-EN_0.pdf,4,Potassium (K+),Abbott Piccolo Xpress,NA,NA,NA,NA,NA,NA,NA,NA,NA,NA,>=,3.6,<=,5.1,mmol/L,Normal,NA,NA
https://www.abaxis.com/sites/default/files/resource-packages/Comprehensive%20Metabolic%20Panel%20Package%20Insert-EN_0.pdf,4,Potassium (K+),Abbott Piccolo Xpress,NA,NA,NA,NA,NA,NA,NA,NA,NA,NA,>,5.1,NA,NA,mmol/L,High,NA,NA
https://www.abaxis.com/sites/default/files/resource-packages/Comprehensive%20Metabolic%20Panel%20Package%20Insert-EN_0.pdf,4,Sodium (Na+),Abbott Piccolo Xpress,NA,NA,NA,NA,NA,NA,NA,NA,NA,NA,<,128,NA,NA,mmol/L,Low,NA,NA
https://www.abaxis.com/sites/default/files/resource-packages/Comprehensive%20Metabolic%20Panel%20Package%20Insert-EN_0.pdf,4,Sodium (Na+),Abbott Piccolo Xpress,NA,NA,NA,NA,NA,NA,NA,NA,NA,NA,>=,128,<=,145,mmol/L,Normal,NA,NA
https://www.abaxis.com/sites/default/files/resource-packages/Comprehensive%20Metabolic%20Panel%20Package%20Insert-EN_0.pdf,4,Sodium (Na+),Abbott Piccolo Xpress,NA,NA,NA,NA,NA,NA,NA,NA,NA,NA,>,145,NA,NA,mmol/L,High,NA,NA
https://www.abaxis.com/sites/default/files/resource-packages/Comprehensive%20Metabolic%20Panel%20Package%20Insert-EN_0.pdf,3,Total Bilirubin (TBIL),Abbott Piccolo Xpress,NA,NA,NA,NA,NA,NA,NA,NA,NA,NA,<,0.2,NA,NA,mg/dL,Low,NA,NA
https://www.abaxis.com/sites/default/files/resource-packages/Comprehensive%20Metabolic%20Panel%20Package%20Insert-EN_0.pdf,3,Total Bilirubin (TBIL),Abbott Piccolo Xpress,NA,NA,NA,NA,NA,NA,NA,NA,NA,NA,>=,0.2,<=,1.6,mg/dL,Normal,NA,NA
https://www.abaxis.com/sites/default/files/resource-packages/Comprehensive%20Metabolic%20Panel%20Package%20Insert-EN_0.pdf,3,Total Bilirubin (TBIL),Abbott Piccolo Xpress,NA,NA,NA,NA,NA,NA,NA,NA,NA,NA,>,1.6,NA,NA,mg/dL,High,NA,NA
https://www.abaxis.com/sites/default/files/resource-packages/Comprehensive%20Metabolic%20Panel%20Package%20Insert-EN_0.pdf,4,Total Protein (TP),Abbott Piccolo Xpress,NA,NA,NA,NA,NA,NA,NA,NA,NA,NA,<,6.4,NA,NA,mg/dL,Low,NA,NA
https://www.abaxis.com/sites/default/files/resource-packages/Comprehensive%20Metabolic%20Panel%20Package%20Insert-EN_0.pdf,4,Total Protein (TP),Abbott Piccolo Xpress,NA,NA,NA,NA,NA,NA,NA,NA,NA,NA,>=,6.4,<=,8.1,mg/dL,Normal,NA,NA
https://www.abaxis.com/sites/default/files/resource-packages/Comprehensive%20Metabolic%20Panel%20Package%20Insert-EN_0.pdf,4,Total Protein (TP),Abbott Piccolo Xpress,NA,NA,NA,NA,NA,NA,NA,NA,NA,NA,>,8.1,NA,NA,mg/dL,High,NA,NA
https://www.abaxis.com/sites/default/files/resource-packages/Lipid%20Panel%20Package%20Insert-EN_0.pdf; https://labtestsonline.org/understanding/analytes/cholesterol/tab/test,4,Cholesterol,Abbott Piccolo Xpress,NA,Adults,NA,Adults,NA,NA,NA,NA,NA,NA,<,200,NA,NA,mg/dL,Desirable,NA,NA
https://www.abaxis.com/sites/default/files/resource-packages/Lipid%20Panel%20Package%20Insert-EN_0.pdf; https://labtestsonline.org/understanding/analytes/cholesterol/tab/test,4,Cholesterol,Abbott Piccolo Xpress,NA,Adults,NA,Adults,NA,NA,NA,NA,NA,NA,>=,200,<=,240,mg/dL,Borderline High,NA,NA
https://www.abaxis.com/sites/default/files/resource-packages/Lipid%20Panel%20Package%20Insert-EN_0.pdf; https://labtestsonline.org/understanding/analytes/cholesterol/tab/test,4,Cholesterol,Abbott Piccolo Xpress,NA,Adults,NA,Adults,NA,NA,NA,NA,NA,NA,>,240,NA,NA,mg/dL,High,NA,NA
https://www.abaxis.com/sites/default/files/resource-packages/Lipid%20Panel%20Package%20Insert-EN_0.pdf,4,High Density Lipoprotein (HDL),Abbott Piccolo Xpress,NA,Adults,NA,Adults,NA,NA,NA,NA,NA,NA,<,40,NA,NA,mg/dL,Increased Risk,NA,NA
https://www.abaxis.com/sites/default/files/resource-packages/Lipid%20Panel%20Package%20Insert-EN_0.pdf,4,High Density Lipoprotein (HDL),Abbott Piccolo Xpress,NA,Adults,NA,Adults,NA,NA,NA,NA,NA,NA,>=,40,<,60,mg/dL,Normal,NA,NA
https://www.abaxis.com/sites/default/files/resource-packages/Lipid%20Panel%20Package%20Insert-EN_0.pdf,4,High Density Lipoprotein (HDL),Abbott Piccolo Xpress,NA,Adults,NA,Adults,NA,NA,NA,NA,NA,NA,>=,60,NA,NA,mg/dL,Desirable,NA,NA
https://www.abaxis.com/sites/default/files/resource-packages/Lipid%20Panel%20Package%20Insert-EN_0.pdf,1,Cholesterol/HDL,Abbott Piccolo Xpress,NA,Adults,NA,Adults,NA,NA,NA,Female,NA,NA,<=,4.5,NA,NA,NA,Low Risk,NA,NA
https://www.abaxis.com/sites/default/files/resource-packages/Lipid%20Panel%20Package%20Insert-EN_0.pdf,1,Cholesterol/HDL,Abbott Piccolo Xpress,NA,Adults,NA,Adults,NA,NA,NA,Female,NA,NA,>,4.5,NA,NA,NA,High Risk,NA,NA
https://www.abaxis.com/sites/default/files/resource-packages/Lipid%20Panel%20Package%20Insert-EN_0.pdf,1,Cholesterol/HDL,Abbott Piccolo Xpress,NA,Adults,NA,Adults,NA,NA,NA,Male,NA,NA,<=,5,NA,NA,NA,Low Risk,NA,NA
https://www.abaxis.com/sites/default/files/resource-packages/Lipid%20Panel%20Package%20Insert-EN_0.pdf,1,Cholesterol/HDL,Abbott Piccolo Xpress,NA,Adults,NA,Adults,NA,NA,NA,Male,NA,NA,>,5,NA,NA,NA,High Risk,NA,NA
https://www.abaxis.com/sites/default/files/resource-packages/Lipid%20Panel%20Package%20Insert-EN_0.pdf; https://labtestsonline.org/understanding/analytes/ldl/tab/test/,3,Low Density Lipoprotein (LDL),Abbott Piccolo Xpress,NA,Adults,NA,Adults,NA,NA,NA,NA,NA,NA,<,100,NA,NA,mg/dL,Optimal,NA,NA
https://www.abaxis.com/sites/default/files/resource-packages/Lipid%20Panel%20Package%20Insert-EN_0.pdf; https://labtestsonline.org/understanding/analytes/ldl/tab/test/,3,Low Density Lipoprotein (LDL),Abbott Piccolo Xpress,NA,Adults,NA,Adults,NA,NA,NA,NA,NA,NA,>=,100,<=,129,mg/dL,Near Optimal,NA,NA
https://www.abaxis.com/sites/default/files/resource-packages/Lipid%20Panel%20Package%20Insert-EN_0.pdf; https://labtestsonline.org/understanding/analytes/ldl/tab/test/,3,Low Density Lipoprotein (LDL),Abbott Piccolo Xpress,NA,Adults,NA,Adults,NA,NA,NA,NA,NA,NA,>=,130,<=,159,mg/dL,Borderline High,NA,NA
https://www.abaxis.com/sites/default/files/resource-packages/Lipid%20Panel%20Package%20Insert-EN_0.pdf; https://labtestsonline.org/understanding/analytes/ldl/tab/test/,3,Low Density Lipoprotein (LDL),Abbott Piccolo Xpress,NA,Adults,NA,Adults,NA,NA,NA,NA,NA,NA,>=,160,<=,189,mg/dL,High,NA,NA
https://www.abaxis.com/sites/default/files/resource-packages/Lipid%20Panel%20Package%20Insert-EN_0.pdf; https://labtestsonline.org/understanding/analytes/ldl/tab/test/,3,Low Density Lipoprotein (LDL),Abbott Piccolo Xpress,NA,Adults,NA,Adults,NA,NA,NA,NA,NA,NA,>=,190,NA,NA,mg/dL,Very High,NA,NA
https://www.abaxis.com/sites/default/files/resource-packages/Lipid%20Panel%20Package%20Insert-EN_0.pdf; https://labtestsonline.org/understanding/analytes/triglycerides/tab/test/,4,Triglycerides (TRIG),Abbott Piccolo Xpress,NA,Adults,NA,Adults,NA,NA,NA,NA,NA,NA,<,150,NA,NA,mg/dL,Normal,NA,NA
https://www.abaxis.com/sites/default/files/resource-packages/Lipid%20Panel%20Package%20Insert-EN_0.pdf; https://labtestsonline.org/understanding/analytes/triglycerides/tab/test/,4,Triglycerides (TRIG),Abbott Piccolo Xpress,NA,Adults,NA,Adults,NA,NA,NA,NA,NA,NA,>=,150,<=,199,mg/dL,Borderline High,NA,NA
https://www.abaxis.com/sites/default/files/resource-packages/Lipid%20Panel%20Package%20Insert-EN_0.pdf; https://labtestsonline.org/understanding/analytes/triglycerides/tab/test/,4,Triglycerides (TRIG),Abbott Piccolo Xpress,NA,Adults,NA,Adults,NA,NA,NA,NA,NA,NA,>=,200,<=,499,mg/dL,High,NA,NA
https://www.abaxis.com/sites/default/files/resource-packages/Lipid%20Panel%20Package%20Insert-EN_0.pdf; https://labtestsonline.org/understanding/analytes/triglycerides/tab/test/,4,Triglycerides (TRIG),Abbott Piccolo Xpress,NA,Adults,NA,Adults,NA,NA,NA,NA,NA,NA,>=,500,NA,NA,mg/dL,Very High,NA,NA
https://www.abaxis.com/sites/default/files/resource-packages/Lipid%20Panel%20Package%20Insert-EN_0.pdf,2,VLDL,Abbott Piccolo Xpress,NA,Adults,NA,Adults,NA,NA,NA,NA,NA,NA,<,30,NA,NA,mg/dL,Normal,NA,NA
https://www.abaxis.com/sites/default/files/resource-packages/Lipid%20Panel%20Package%20Insert-EN_0.pdf; https://labtestsonline.org/understanding/analytes/vldl/tab/test/,2,VLDL,Abbott Piccolo Xpress,NA,Adults,NA,Adults,NA,NA,NA,NA,NA,NA,>=,30,NA,NA,mg/dL,High,Risk factor for heart disease and stroke,NA
https://www.abaxis.com/sites/default/files/resource-packages/Lipid%20Panel%20Package%20Insert-EN_0.pdf,3,non-HDL cholesterol (nHDLc),Abbott Piccolo Xpress,NA,Adults,NA,Adults,NA,NA,NA,NA,NA,NA,<,130,NA,NA,mg/dL,Optimal,NA,NA
https://www.abaxis.com/sites/default/files/resource-packages/Lipid%20Panel%20Package%20Insert-EN_0.pdf,3,non-HDL cholesterol (nHDLc),Abbott Piccolo Xpress,NA,Adults,NA,Adults,NA,NA,NA,NA,NA,NA,>=,130,<=,189,mg/dL,Increased Risk,NA,NA
https://www.abaxis.com/sites/default/files/resource-packages/Lipid%20Panel%20Package%20Insert-EN_0.pdf,3,non-HDL cholesterol (nHDLc),Abbott Piccolo Xpress,NA,Adults,NA,Adults,NA,NA,NA,NA,NA,NA,>,189,NA,NA,mg/dL,High Risk,NA,NA
NA,1,Visceral Fat Level,Fit3d,NA,Adults,NA,Adults,NA,NA,NA,NA,NA,NA,>=,10,NA,NA,% of body weight,High Risk,NA,NA
NA,1,Visceral Fat Level,Fit3d,NA,Adults,NA,Adults,NA,NA,NA,NA,NA,NA,<,10,NA,NA,% of body weight,Low Risk,NA,NA
https://www.ritenour.k12.mo.us/cms/lib/MO01910124/Centricity/Domain/69/Psychometric_Conversion_Table.pdf,1,Balance Score,Standing Balance Test,NA,Adults,NA,Adults,NA,NA,NA,NA,NA,NA,>,69,NA,NA,T-score,Very Superior,NA,NA
https://www.ritenour.k12.mo.us/cms/lib/MO01910124/Centricity/Domain/69/Psychometric_Conversion_Table.pdf,1,Balance Score,Standing Balance Test,NA,Adults,NA,Adults,NA,NA,NA,NA,NA,NA,<=,69,>,63,T-score,Superior,NA,NA
https://www.ritenour.k12.mo.us/cms/lib/MO01910124/Centricity/Domain/69/Psychometric_Conversion_Table.pdf,1,Balance Score,Standing Balance Test,NA,Adults,NA,Adults,NA,NA,NA,NA,NA,NA,<=,63,>,57,T-score,High Average,NA,NA
https://www.ritenour.k12.mo.us/cms/lib/MO01910124/Centricity/Domain/69/Psychometric_Conversion_Table.pdf,1,Balance Score,Standing Balance Test,NA,Adults,NA,Adults,NA,NA,NA,NA,NA,NA,<=,57,>,42,T-score,Average,NA,NA
https://www.ritenour.k12.mo.us/cms/lib/MO01910124/Centricity/Domain/69/Psychometric_Conversion_Table.pdf,1,Balance Score,Standing Balance Test,NA,Adults,NA,Adults,NA,NA,NA,NA,NA,NA,<=,42,>,36,T-score,Low Average,NA,NA
https://www.ritenour.k12.mo.us/cms/lib/MO01910124/Centricity/Domain/69/Psychometric_Conversion_Table.pdf,1,Balance Score,Standing Balance Test,NA,Adults,NA,Adults,NA,NA,NA,NA,NA,NA,<=,36,>,29,T-score,Borderline,NA,NA
https://www.ritenour.k12.mo.us/cms/lib/MO01910124/Centricity/Domain/69/Psychometric_Conversion_Table.pdf,1,Balance Score,Standing Balance Test,NA,Adults,NA,Adults,NA,NA,NA,NA,NA,NA,<=,29,NA,NA,T-score,Impaired,NA,NA
ACSM's Health-related Physical Fitness Assessment Manual Fourth Edition,1,Percent Body Fat,inbody,,20-29,>=,0,<,30,years,Male,NA,NA,<,7.15,NA,NA,% Body Fat,Very Lean,NA,NA
ACSM's Health-related Physical Fitness Assessment Manual Fourth Edition,1,Percent Body Fat,inbody,,20-29,>=,0,<,30,years,Male,NA,NA,<,11,>=,7.15,% Body Fat,Excellent,NA,NA
ACSM's Health-related Physical Fitness Assessment Manual Fourth Edition,1,Percent Body Fat,inbody,,20-29,>=,0,<,30,years,Male,NA,NA,<,15.3,>=,11,% Body Fat,Good,NA,NA
ACSM's Health-related Physical Fitness Assessment Manual Fourth Edition,1,Percent Body Fat,inbody,,20-29,>=,0,<,30,years,Male,NA,NA,<,19.15,>=,15.3,% Body Fat,Fair,NA,NA
ACSM's Health-related Physical Fitness Assessment Manual Fourth Edition,1,Percent Body Fat,inbody,,20-29,>=,0,<,30,years,Male,NA,NA,<,24.1,>=,19.15,% Body Fat,Poor,NA,NA
ACSM's Health-related Physical Fitness Assessment Manual Fourth Edition,1,Percent Body Fat,inbody,,20-29,>=,0,<,30,years,Male,NA,NA,>=,24.1,NA,NA,% Body Fat,Very Poor,NA,NA
ACSM's Health-related Physical Fitness Assessment Manual Fourth Edition,1,Percent Body Fat,inbody,,30-39,>=,30,<,40,years,Male,NA,NA,<,11.45,NA,NA,% Body Fat,Very Lean,NA,NA
ACSM's Health-related Physical Fitness Assessment Manual Fourth Edition,1,Percent Body Fat,inbody,,30-39,>=,30,<,40,years,Male,NA,NA,<,15.4,>=,11.45,% Body Fat,Excellent,NA,NA
ACSM's Health-related Physical Fitness Assessment Manual Fourth Edition,1,Percent Body Fat,inbody,,30-39,>=,30,<,40,years,Male,NA,NA,<,18.8,>=,15.4,% Body Fat,Good,NA,NA
ACSM's Health-related Physical Fitness Assessment Manual Fourth Edition,1,Percent Body Fat,inbody,,30-39,>=,30,<,40,years,Male,NA,NA,<,22,>=,18.8,% Body Fat,Fair,NA,NA
ACSM's Health-related Physical Fitness Assessment Manual Fourth Edition,1,Percent Body Fat,inbody,,30-39,>=,30,<,40,years,Male,NA,NA,<,25.75,>=,22,% Body Fat,Poor,NA,NA
ACSM's Health-related Physical Fitness Assessment Manual Fourth Edition,1,Percent Body Fat,inbody,,30-39,>=,30,<,40,years,Male,NA,NA,>=,25.75,NA,NA,% Body Fat,Very Poor,NA,NA
ACSM's Health-related Physical Fitness Assessment Manual Fourth Edition,1,Percent Body Fat,inbody,,40-49,>=,40,<,50,years,Male,NA,NA,<,13.95,NA,NA,% Body Fat,Very Lean,NA,NA
ACSM's Health-related Physical Fitness Assessment Manual Fourth Edition,1,Percent Body Fat,inbody,,40-49,>=,40,<,50,years,Male,NA,NA,<,18,>=,13.95,% Body Fat,Excellent,NA,NA
ACSM's Health-related Physical Fitness Assessment Manual Fourth Edition,1,Percent Body Fat,inbody,,40-49,>=,40,<,50,years,Male,NA,NA,<,21.1,>=,18,% Body Fat,Good,NA,NA
ACSM's Health-related Physical Fitness Assessment Manual Fourth Edition,1,Percent Body Fat,inbody,,40-49,>=,40,<,50,years,Male,NA,NA,<,23.85,>=,21.1,% Body Fat,Fair,NA,NA
ACSM's Health-related Physical Fitness Assessment Manual Fourth Edition,1,Percent Body Fat,inbody,,40-49,>=,40,<,50,years,Male,NA,NA,<,27.2,>=,23.85,% Body Fat,Poor,NA,NA
ACSM's Health-related Physical Fitness Assessment Manual Fourth Edition,1,Percent Body Fat,inbody,,40-49,>=,40,<,50,years,Male,NA,NA,>=,27.2,NA,NA,% Body Fat,Very Poor,NA,NA
ACSM's Health-related Physical Fitness Assessment Manual Fourth Edition,1,Percent Body Fat,inbody,,50-59,>=,50,<,60,years,Male,NA,NA,<,15.9,NA,NA,% Body Fat,Very Lean,NA,NA
ACSM's Health-related Physical Fitness Assessment Manual Fourth Edition,1,Percent Body Fat,inbody,,50-59,>=,50,<,60,years,Male,NA,NA,<,19.8,>=,15.9,% Body Fat,Excellent,NA,NA
ACSM's Health-related Physical Fitness Assessment Manual Fourth Edition,1,Percent Body Fat,inbody,,50-59,>=,50,<,60,years,Male,NA,NA,<,22.65,>=,19.8,% Body Fat,Good,NA,NA
ACSM's Health-related Physical Fitness Assessment Manual Fourth Edition,1,Percent Body Fat,inbody,,50-59,>=,50,<,60,years,Male,NA,NA,<,25.25,>=,22.65,% Body Fat,Fair,NA,NA
ACSM's Health-related Physical Fitness Assessment Manual Fourth Edition,1,Percent Body Fat,inbody,,50-59,>=,50,<,60,years,Male,NA,NA,<,28.65,>=,25.25,% Body Fat,Poor,NA,NA
ACSM's Health-related Physical Fitness Assessment Manual Fourth Edition,1,Percent Body Fat,inbody,,50-59,>=,50,<,60,years,Male,NA,NA,>=,28.65,NA,NA,% Body Fat,Very Poor,NA,NA
ACSM's Health-related Physical Fitness Assessment Manual Fourth Edition,1,Percent Body Fat,inbody,,60-69,>=,60,<,70,years,Male,NA,NA,<,17.15,NA,NA,% Body Fat,Very Lean,NA,NA
ACSM's Health-related Physical Fitness Assessment Manual Fourth Edition,1,Percent Body Fat,inbody,,60-69,>=,60,<,70,years,Male,NA,NA,<,20.6,>=,17.15,% Body Fat,Excellent,NA,NA
ACSM's Health-related Physical Fitness Assessment Manual Fourth Edition,1,Percent Body Fat,inbody,,60-69,>=,60,<,70,years,Male,NA,NA,<,23.3,>=,20.6,% Body Fat,Good,NA,NA
ACSM's Health-related Physical Fitness Assessment Manual Fourth Edition,1,Percent Body Fat,inbody,,60-69,>=,60,<,70,years,Male,NA,NA,<,26,>=,23.3,% Body Fat,Fair,NA,NA
ACSM's Health-related Physical Fitness Assessment Manual Fourth Edition,1,Percent Body Fat,inbody,,60-69,>=,60,<,70,years,Male,NA,NA,<,29.3,>=,26,% Body Fat,Poor,NA,NA
ACSM's Health-related Physical Fitness Assessment Manual Fourth Edition,1,Percent Body Fat,inbody,,60-69,>=,60,<,70,years,Male,NA,NA,>=,29.3,NA,NA,% Body Fat,Very Poor,NA,NA
ACSM's Health-related Physical Fitness Assessment Manual Fourth Edition,1,Percent Body Fat,inbody,,70-79,>=,70,<,80,years,Male,NA,NA,<,16.5,NA,NA,% Body Fat,Very Lean,NA,NA
ACSM's Health-related Physical Fitness Assessment Manual Fourth Edition,1,Percent Body Fat,inbody,,70-79,>=,70,<,80,years,Male,NA,NA,<,20.55,>=,16.5,% Body Fat,Excellent,NA,NA
ACSM's Health-related Physical Fitness Assessment Manual Fourth Edition,1,Percent Body Fat,inbody,,70-79,>=,70,<,80,years,Male,NA,NA,<,23.3,>=,20.55,% Body Fat,Good,NA,NA
ACSM's Health-related Physical Fitness Assessment Manual Fourth Edition,1,Percent Body Fat,inbody,,70-79,>=,70,<,80,years,Male,NA,NA,<,25.55,>=,23.3,% Body Fat,Fair,NA,NA
ACSM's Health-related Physical Fitness Assessment Manual Fourth Edition,1,Percent Body Fat,inbody,,70-79,>=,70,<,80,years,Male,NA,NA,<,28.9,>=,25.55,% Body Fat,Poor,NA,NA
ACSM's Health-related Physical Fitness Assessment Manual Fourth Edition,1,Percent Body Fat,inbody,,70-79,>=,70,<,80,years,Male,NA,NA,>=,28.9,NA,NA,% Body Fat,Very Poor,NA,NA
ACSM's Health-related Physical Fitness Assessment Manual Fourth Edition,1,Percent Body Fat,inbody,,20-29,>=,20,<,30,years,Female,NA,NA,<,14.55,NA,NA,% Body Fat,Very Lean,NA,NA
ACSM's Health-related Physical Fitness Assessment Manual Fourth Edition,1,Percent Body Fat,inbody,,20-29,>=,20,<,30,years,Female,NA,NA,<,17.2,>=,14.55,% Body Fat,Excellent,NA,NA
ACSM's Health-related Physical Fitness Assessment Manual Fourth Edition,1,Percent Body Fat,inbody,,20-29,>=,20,<,30,years,Female,NA,NA,<,20.2,>=,17.2,% Body Fat,Good,NA,NA
ACSM's Health-related Physical Fitness Assessment Manual Fourth Edition,1,Percent Body Fat,inbody,,20-29,>=,20,<,30,years,Female,NA,NA,<,23.8,>=,20.2,% Body Fat,Fair,NA,NA
ACSM's Health-related Physical Fitness Assessment Manual Fourth Edition,1,Percent Body Fat,inbody,,20-29,>=,20,<,30,years,Female,NA,NA,<,28.55,>=,23.8,% Body Fat,Poor,NA,NA
ACSM's Health-related Physical Fitness Assessment Manual Fourth Edition,1,Percent Body Fat,inbody,,20-29,>=,20,<,30,years,Female,NA,NA,>=,28.55,NA,NA,% Body Fat,Very Poor,NA,NA
ACSM's Health-related Physical Fitness Assessment Manual Fourth Edition,1,Percent Body Fat,inbody,,30-39,>=,30,<,40,years,Female,NA,NA,<,14.7,NA,NA,% Body Fat,Very Lean,NA,NA
ACSM's Health-related Physical Fitness Assessment Manual Fourth Edition,1,Percent Body Fat,inbody,,30-39,>=,30,<,40,years,Female,NA,NA,<,17.9,>=,14.7,% Body Fat,Excellent,NA,NA
ACSM's Health-related Physical Fitness Assessment Manual Fourth Edition,1,Percent Body Fat,inbody,,30-39,>=,30,<,40,years,Female,NA,NA,<,21.5,>=,17.9,% Body Fat,Good,NA,NA
ACSM's Health-related Physical Fitness Assessment Manual Fourth Edition,1,Percent Body Fat,inbody,,30-39,>=,30,<,40,years,Female,NA,NA,<,25.3,>=,21.5,% Body Fat,Fair,NA,NA
ACSM's Health-related Physical Fitness Assessment Manual Fourth Edition,1,Percent Body Fat,inbody,,30-39,>=,30,<,40,years,Female,NA,NA,<,30.55,>=,25.3,% Body Fat,Poor,NA,NA
ACSM's Health-related Physical Fitness Assessment Manual Fourth Edition,1,Percent Body Fat,inbody,,30-39,>=,30,<,40,years,Female,NA,NA,>=,30.55,NA,NA,% Body Fat,Very Poor,NA,NA
ACSM's Health-related Physical Fitness Assessment Manual Fourth Edition,1,Percent Body Fat,inbody,,40-49,>=,40,<,50,years,Female,NA,NA,<,15.7,NA,NA,% Body Fat,Very Lean,NA,NA
ACSM's Health-related Physical Fitness Assessment Manual Fourth Edition,1,Percent Body Fat,inbody,,40-49,>=,40,<,50,years,Female,NA,NA,<,20.05,>=,15.7,% Body Fat,Excellent,NA,NA
ACSM's Health-related Physical Fitness Assessment Manual Fourth Edition,1,Percent Body Fat,inbody,,40-49,>=,40,<,50,years,Female,NA,NA,<,24.15,>=,20.05,% Body Fat,Good,NA,NA
ACSM's Health-related Physical Fitness Assessment Manual Fourth Edition,1,Percent Body Fat,inbody,,40-49,>=,40,<,50,years,Female,NA,NA,<,27.95,>=,24.15,% Body Fat,Fair,NA,NA
ACSM's Health-related Physical Fitness Assessment Manual Fourth Edition,1,Percent Body Fat,inbody,,40-49,>=,40,<,50,years,Female,NA,NA,<,32.15,>=,27.95,% Body Fat,Poor,NA,NA
ACSM's Health-related Physical Fitness Assessment Manual Fourth Edition,1,Percent Body Fat,inbody,,40-49,>=,40,<,50,years,Female,NA,NA,>=,32.25,NA,NA,% Body Fat,Very Poor,NA,NA
ACSM's Health-related Physical Fitness Assessment Manual Fourth Edition,1,Percent Body Fat,inbody,,50-59,>=,50,<,60,years,Female,NA,NA,<,18,NA,NA,% Body Fat,Very Lean,NA,NA
ACSM's Health-related Physical Fitness Assessment Manual Fourth Edition,1,Percent Body Fat,inbody,,50-59,>=,50,<,60,years,Female,NA,NA,<,22.95,>=,18,% Body Fat,Excellent,NA,NA
ACSM's Health-related Physical Fitness Assessment Manual Fourth Edition,1,Percent Body Fat,inbody,,50-59,>=,50,<,60,years,Female,NA,NA,<,27.15,>=,22.95,% Body Fat,Good,NA,NA
ACSM's Health-related Physical Fitness Assessment Manual Fourth Edition,1,Percent Body Fat,inbody,,50-59,>=,50,<,60,years,Female,NA,NA,<,30.45,>=,27.15,% Body Fat,Fair,NA,NA
ACSM's Health-related Physical Fitness Assessment Manual Fourth Edition,1,Percent Body Fat,inbody,,50-59,>=,50,<,60,years,Female,NA,NA,<,34.45,>=,30.45,% Body Fat,Poor,NA,NA
ACSM's Health-related Physical Fitness Assessment Manual Fourth Edition,1,Percent Body Fat,inbody,,50-59,>=,50,<,60,years,Female,NA,NA,>=,34.34,NA,NA,% Body Fat,Very Poor,NA,NA
ACSM's Health-related Physical Fitness Assessment Manual Fourth Edition,1,Percent Body Fat,inbody,,60-69,>=,60,<,70,years,Female,NA,NA,<,18.95,NA,NA,% Body Fat,Very Lean,NA,NA
ACSM's Health-related Physical Fitness Assessment Manual Fourth Edition,1,Percent Body Fat,inbody,,60-69,>=,60,<,70,years,Female,NA,NA,<,23.95,>=,18.95,% Body Fat,Excellent,NA,NA
ACSM's Health-related Physical Fitness Assessment Manual Fourth Edition,1,Percent Body Fat,inbody,,60-69,>=,60,<,70,years,Female,NA,NA,<,27.9,>=,23.95,% Body Fat,Good,NA,NA
ACSM's Health-related Physical Fitness Assessment Manual Fourth Edition,1,Percent Body Fat,inbody,,60-69,>=,60,<,70,years,Female,NA,NA,<,31.15,>=,27.9,% Body Fat,Fair,NA,NA
ACSM's Health-related Physical Fitness Assessment Manual Fourth Edition,1,Percent Body Fat,inbody,,60-69,>=,60,<,70,years,Female,NA,NA,<,35,>=,31.15,% Body Fat,Poor,NA,NA
ACSM's Health-related Physical Fitness Assessment Manual Fourth Edition,1,Percent Body Fat,inbody,,60-69,>=,60,<,70,years,Female,NA,NA,>=,35,NA,NA,% Body Fat,Very Poor,NA,NA
ACSM's Health-related Physical Fitness Assessment Manual Fourth Edition,1,Percent Body Fat,inbody,,70-79,>=,70,<,80,years,Female,NA,NA,<,17.35,NA,NA,% Body Fat,Very Lean,NA,NA
ACSM's Health-related Physical Fitness Assessment Manual Fourth Edition,1,Percent Body Fat,inbody,,70-79,>=,70,<,80,years,Female,NA,NA,<,23.1,>=,17.35,% Body Fat,Excellent,NA,NA
ACSM's Health-related Physical Fitness Assessment Manual Fourth Edition,1,Percent Body Fat,inbody,,70-79,>=,70,<,80,years,Female,NA,NA,<,27.1,>=,23.1,% Body Fat,Good,NA,NA
ACSM's Health-related Physical Fitness Assessment Manual Fourth Edition,1,Percent Body Fat,inbody,,70-79,>=,70,<,80,years,Female,NA,NA,<,30.75,>=,27.1,% Body Fat,Fair,NA,NA
ACSM's Health-related Physical Fitness Assessment Manual Fourth Edition,1,Percent Body Fat,inbody,,70-79,>=,70,<,80,years,Female,NA,NA,<,34.65,>=,20.75,% Body Fat,Poor,NA,NA
ACSM's Health-related Physical Fitness Assessment Manual Fourth Edition,1,Percent Body Fat,inbody,,70-79,>=,70,<,80,years,Female,NA,NA,>=,34.65,NA,NA,% Body Fat,Very Poor,NA,NA
https://www.ritenour.k12.mo.us/cms/lib/MO01910124/Centricity/Domain/69/Psychometric_Conversion_Table.pdf,1,Vocabulary,cognition,NA,Adults,NA,Adults,NA,NA,NA,NA,NA,NA,>,69,NA,NA,T-score,Very Superior,NA,NA
https://www.ritenour.k12.mo.us/cms/lib/MO01910124/Centricity/Domain/69/Psychometric_Conversion_Table.pdf,1,Vocabulary,cognition,NA,Adults,NA,Adults,NA,NA,NA,NA,NA,NA,<=,69,>,63,T-score,Superior,NA,NA
https://www.ritenour.k12.mo.us/cms/lib/MO01910124/Centricity/Domain/69/Psychometric_Conversion_Table.pdf,1,Vocabulary,cognition,NA,Adults,NA,Adults,NA,NA,NA,NA,NA,NA,<=,63,>,57,T-score,High Average,NA,NA
https://www.ritenour.k12.mo.us/cms/lib/MO01910124/Centricity/Domain/69/Psychometric_Conversion_Table.pdf,1,Vocabulary,cognition,NA,Adults,NA,Adults,NA,NA,NA,NA,NA,NA,<=,57,>,42,T-score,Average,NA,NA
https://www.ritenour.k12.mo.us/cms/lib/MO01910124/Centricity/Domain/69/Psychometric_Conversion_Table.pdf,1,Vocabulary,cognition,NA,Adults,NA,Adults,NA,NA,NA,NA,NA,NA,<=,42,>,36,T-score,Low Average,NA,NA
https://www.ritenour.k12.mo.us/cms/lib/MO01910124/Centricity/Domain/69/Psychometric_Conversion_Table.pdf,1,Vocabulary,cognition,NA,Adults,NA,Adults,NA,NA,NA,NA,NA,NA,<=,36,>,29,T-score,Borderline,NA,NA
https://www.ritenour.k12.mo.us/cms/lib/MO01910124/Centricity/Domain/69/Psychometric_Conversion_Table.pdf,1,Vocabulary,cognition,NA,Adults,NA,Adults,NA,NA,NA,NA,NA,NA,<=,29,NA,NA,T-score,Impaired,NA,NA
https://www.ritenour.k12.mo.us/cms/lib/MO01910124/Centricity/Domain/69/Psychometric_Conversion_Table.pdf,1,Episodic Memory,cognition,NA,Adults,NA,Adults,NA,NA,NA,NA,NA,NA,>,69,NA,NA,T-score,Very Superior,NA,NA
https://www.ritenour.k12.mo.us/cms/lib/MO01910124/Centricity/Domain/69/Psychometric_Conversion_Table.pdf,1,Episodic Memory,cognition,NA,Adults,NA,Adults,NA,NA,NA,NA,NA,NA,<=,69,>,63,T-score,Superior,NA,NA
https://www.ritenour.k12.mo.us/cms/lib/MO01910124/Centricity/Domain/69/Psychometric_Conversion_Table.pdf,1,Episodic Memory,cognition,NA,Adults,NA,Adults,NA,NA,NA,NA,NA,NA,<=,63,>,57,T-score,High Average,NA,NA
https://www.ritenour.k12.mo.us/cms/lib/MO01910124/Centricity/Domain/69/Psychometric_Conversion_Table.pdf,1,Episodic Memory,cognition,NA,Adults,NA,Adults,NA,NA,NA,NA,NA,NA,<=,57,>,42,T-score,Average,NA,NA
https://www.ritenour.k12.mo.us/cms/lib/MO01910124/Centricity/Domain/69/Psychometric_Conversion_Table.pdf,1,Episodic Memory,cognition,NA,Adults,NA,Adults,NA,NA,NA,NA,NA,NA,<=,42,>,36,T-score,Low Average,NA,NA
https://www.ritenour.k12.mo.us/cms/lib/MO01910124/Centricity/Domain/69/Psychometric_Conversion_Table.pdf,1,Episodic Memory,cognition,NA,Adults,NA,Adults,NA,NA,NA,NA,NA,NA,<=,36,>,29,T-score,Borderline,NA,NA
https://www.ritenour.k12.mo.us/cms/lib/MO01910124/Centricity/Domain/69/Psychometric_Conversion_Table.pdf,1,Episodic Memory,cognition,NA,Adults,NA,Adults,NA,NA,NA,NA,NA,NA,<=,29,NA,NA,T-score,Impaired,NA,NA
https://www.ritenour.k12.mo.us/cms/lib/MO01910124/Centricity/Domain/69/Psychometric_Conversion_Table.pdf,1,Attention,cognition,NA,Adults,NA,Adults,NA,NA,NA,NA,NA,NA,>,69,NA,NA,T-score,Very Superior,NA,NA
https://www.ritenour.k12.mo.us/cms/lib/MO01910124/Centricity/Domain/69/Psychometric_Conversion_Table.pdf,1,Attention,cognition,NA,Adults,NA,Adults,NA,NA,NA,NA,NA,NA,<=,69,>,63,T-score,Superior,NA,NA
https://www.ritenour.k12.mo.us/cms/lib/MO01910124/Centricity/Domain/69/Psychometric_Conversion_Table.pdf,1,Attention,cognition,NA,Adults,NA,Adults,NA,NA,NA,NA,NA,NA,<=,63,>,57,T-score,High Average,NA,NA
https://www.ritenour.k12.mo.us/cms/lib/MO01910124/Centricity/Domain/69/Psychometric_Conversion_Table.pdf,1,Attention,cognition,NA,Adults,NA,Adults,NA,NA,NA,NA,NA,NA,<=,57,>,42,T-score,Average,NA,NA
https://www.ritenour.k12.mo.us/cms/lib/MO01910124/Centricity/Domain/69/Psychometric_Conversion_Table.pdf,1,Attention,cognition,NA,Adults,NA,Adults,NA,NA,NA,NA,NA,NA,<=,42,>,36,T-score,Low Average,NA,NA
https://www.ritenour.k12.mo.us/cms/lib/MO01910124/Centricity/Domain/69/Psychometric_Conversion_Table.pdf,1,Attention,cognition,NA,Adults,NA,Adults,NA,NA,NA,NA,NA,NA,<=,36,>,29,T-score,Borderline,NA,NA
https://www.ritenour.k12.mo.us/cms/lib/MO01910124/Centricity/Domain/69/Psychometric_Conversion_Table.pdf,1,Attention,cognition,NA,Adults,NA,Adults,NA,NA,NA,NA,NA,NA,<=,29,NA,NA,T-score,Impaired,NA,NA
https://www.ritenour.k12.mo.us/cms/lib/MO01910124/Centricity/Domain/69/Psychometric_Conversion_Table.pdf,1,Processing Speed,cognition,NA,Adults,NA,Adults,NA,NA,NA,NA,NA,NA,>,69,NA,NA,T-score,Very Superior,NA,NA
https://www.ritenour.k12.mo.us/cms/lib/MO01910124/Centricity/Domain/69/Psychometric_Conversion_Table.pdf,1,Processing Speed,cognition,NA,Adults,NA,Adults,NA,NA,NA,NA,NA,NA,<=,69,>,63,T-score,Superior,NA,NA
https://www.ritenour.k12.mo.us/cms/lib/MO01910124/Centricity/Domain/69/Psychometric_Conversion_Table.pdf,1,Processing Speed,cognition,NA,Adults,NA,Adults,NA,NA,NA,NA,NA,NA,<=,63,>,57,T-score,High Average,NA,NA
https://www.ritenour.k12.mo.us/cms/lib/MO01910124/Centricity/Domain/69/Psychometric_Conversion_Table.pdf,1,Processing Speed,cognition,NA,Adults,NA,Adults,NA,NA,NA,NA,NA,NA,<=,57,>,42,T-score,Average,NA,NA
https://www.ritenour.k12.mo.us/cms/lib/MO01910124/Centricity/Domain/69/Psychometric_Conversion_Table.pdf,1,Processing Speed,cognition,NA,Adults,NA,Adults,NA,NA,NA,NA,NA,NA,<=,42,>,36,T-score,Low Average,NA,NA
https://www.ritenour.k12.mo.us/cms/lib/MO01910124/Centricity/Domain/69/Psychometric_Conversion_Table.pdf,1,Processing Speed,cognition,NA,Adults,NA,Adults,NA,NA,NA,NA,NA,NA,<=,36,>,29,T-score,Borderline,NA,NA
https://www.ritenour.k12.mo.us/cms/lib/MO01910124/Centricity/Domain/69/Psychometric_Conversion_Table.pdf,1,Processing Speed,cognition,NA,Adults,NA,Adults,NA,NA,NA,NA,NA,NA,<=,29,NA,NA,T-score,Impaired,NA,NA
https://www.ritenour.k12.mo.us/cms/lib/MO01910124/Centricity/Domain/69/Psychometric_Conversion_Table.pdf,1,Flexibility,cognition,NA,Adults,NA,Adults,NA,NA,NA,NA,NA,NA,>,69,NA,NA,T-score,Very Superior,NA,NA
https://www.ritenour.k12.mo.us/cms/lib/MO01910124/Centricity/Domain/69/Psychometric_Conversion_Table.pdf,1,Flexibility,cognition,NA,Adults,NA,Adults,NA,NA,NA,NA,NA,NA,<=,69,>,63,T-score,Superior,NA,NA
https://www.ritenour.k12.mo.us/cms/lib/MO01910124/Centricity/Domain/69/Psychometric_Conversion_Table.pdf,1,Flexibility,cognition,NA,Adults,NA,Adults,NA,NA,NA,NA,NA,NA,<=,63,>,57,T-score,High Average,NA,NA
https://www.ritenour.k12.mo.us/cms/lib/MO01910124/Centricity/Domain/69/Psychometric_Conversion_Table.pdf,1,Flexibility,cognition,NA,Adults,NA,Adults,NA,NA,NA,NA,NA,NA,<=,57,>,42,T-score,Average,NA,NA
https://www.ritenour.k12.mo.us/cms/lib/MO01910124/Centricity/Domain/69/Psychometric_Conversion_Table.pdf,1,Flexibility,cognition,NA,Adults,NA,Adults,NA,NA,NA,NA,NA,NA,<=,42,>,36,T-score,Low Average,NA,NA
https://www.ritenour.k12.mo.us/cms/lib/MO01910124/Centricity/Domain/69/Psychometric_Conversion_Table.pdf,1,Flexibility,cognition,NA,Adults,NA,Adults,NA,NA,NA,NA,NA,NA,<=,36,>,29,T-score,Borderline,NA,NA
https://www.ritenour.k12.mo.us/cms/lib/MO01910124/Centricity/Domain/69/Psychometric_Conversion_Table.pdf,1,Flexibility,cognition,NA,Adults,NA,Adults,NA,NA,NA,NA,NA,NA,<=,29,NA,NA,T-score,Impaired,NA,NA
https://www.ritenour.k12.mo.us/cms/lib/MO01910124/Centricity/Domain/69/Psychometric_Conversion_Table.pdf,1,Dominant Hand Dexterity,nih_motor,NA,Adults,NA,Adults,NA,NA,NA,NA,NA,NA,>,69,NA,NA,T-score,Very Superior,NA,NA
https://www.ritenour.k12.mo.us/cms/lib/MO01910124/Centricity/Domain/69/Psychometric_Conversion_Table.pdf,1,Dominant Hand Dexterity,nih_motor,NA,Adults,NA,Adults,NA,NA,NA,NA,NA,NA,<=,69,>,63,T-score,Superior,NA,NA
https://www.ritenour.k12.mo.us/cms/lib/MO01910124/Centricity/Domain/69/Psychometric_Conversion_Table.pdf,1,Dominant Hand Dexterity,nih_motor,NA,Adults,NA,Adults,NA,NA,NA,NA,NA,NA,<=,63,>,57,T-score,High Average,NA,NA
https://www.ritenour.k12.mo.us/cms/lib/MO01910124/Centricity/Domain/69/Psychometric_Conversion_Table.pdf,1,Dominant Hand Dexterity,nih_motor,NA,Adults,NA,Adults,NA,NA,NA,NA,NA,NA,<=,57,>,42,T-score,Average,NA,NA
https://www.ritenour.k12.mo.us/cms/lib/MO01910124/Centricity/Domain/69/Psychometric_Conversion_Table.pdf,1,Dominant Hand Dexterity,nih_motor,NA,Adults,NA,Adults,NA,NA,NA,NA,NA,NA,<=,42,>,36,T-score,Low Average,NA,NA
https://www.ritenour.k12.mo.us/cms/lib/MO01910124/Centricity/Domain/69/Psychometric_Conversion_Table.pdf,1,Dominant Hand Dexterity,nih_motor,NA,Adults,NA,Adults,NA,NA,NA,NA,NA,NA,<=,36,>,29,T-score,Borderline,NA,NA
https://www.ritenour.k12.mo.us/cms/lib/MO01910124/Centricity/Domain/69/Psychometric_Conversion_Table.pdf,1,Dominant Hand Dexterity,nih_motor,NA,Adults,NA,Adults,NA,NA,NA,NA,NA,NA,<=,29,NA,NA,T-score,Impaired,NA,NA
https://www.ritenour.k12.mo.us/cms/lib/MO01910124/Centricity/Domain/69/Psychometric_Conversion_Table.pdf,1,Non-Dominant Hand Dexterity,nih_motor,NA,Adults,NA,Adults,NA,NA,NA,NA,NA,NA,>,69,NA,NA,T-score,Very Superior,NA,NA
https://www.ritenour.k12.mo.us/cms/lib/MO01910124/Centricity/Domain/69/Psychometric_Conversion_Table.pdf,1,Non-Dominant Hand Dexterity,nih_motor,NA,Adults,NA,Adults,NA,NA,NA,NA,NA,NA,<=,69,>,63,T-score,Superior,NA,NA
https://www.ritenour.k12.mo.us/cms/lib/MO01910124/Centricity/Domain/69/Psychometric_Conversion_Table.pdf,1,Non-Dominant Hand Dexterity,nih_motor,NA,Adults,NA,Adults,NA,NA,NA,NA,NA,NA,<=,63,>,57,T-score,High Average,NA,NA
https://www.ritenour.k12.mo.us/cms/lib/MO01910124/Centricity/Domain/69/Psychometric_Conversion_Table.pdf,1,Non-Dominant Hand Dexterity,nih_motor,NA,Adults,NA,Adults,NA,NA,NA,NA,NA,NA,<=,57,>,42,T-score,Average,NA,NA
https://www.ritenour.k12.mo.us/cms/lib/MO01910124/Centricity/Domain/69/Psychometric_Conversion_Table.pdf,1,Non-Dominant Hand Dexterity,nih_motor,NA,Adults,NA,Adults,NA,NA,NA,NA,NA,NA,<=,42,>,36,T-score,Low Average,NA,NA
https://www.ritenour.k12.mo.us/cms/lib/MO01910124/Centricity/Domain/69/Psychometric_Conversion_Table.pdf,1,Non-Dominant Hand Dexterity,nih_motor,NA,Adults,NA,Adults,NA,NA,NA,NA,NA,NA,<=,36,>,29,T-score,Borderline,NA,NA
https://www.ritenour.k12.mo.us/cms/lib/MO01910124/Centricity/Domain/69/Psychometric_Conversion_Table.pdf,1,Non-Dominant Hand Dexterity,nih_motor,NA,Adults,NA,Adults,NA,NA,NA,NA,NA,NA,<=,29,NA,NA,T-score,Impaired,NA,NA
https://www.ritenour.k12.mo.us/cms/lib/MO01910124/Centricity/Domain/69/Psychometric_Conversion_Table.pdf,1,Dominant Hand Grip Strength,nih_motor,NA,Adults,NA,Adults,NA,NA,NA,NA,NA,NA,>,69,NA,NA,T-score,Very Superior,NA,NA
https://www.ritenour.k12.mo.us/cms/lib/MO01910124/Centricity/Domain/69/Psychometric_Conversion_Table.pdf,1,Dominant Hand Grip Strength,nih_motor,NA,Adults,NA,Adults,NA,NA,NA,NA,NA,NA,<=,69,>,63,T-score,Superior,NA,NA
https://www.ritenour.k12.mo.us/cms/lib/MO01910124/Centricity/Domain/69/Psychometric_Conversion_Table.pdf,1,Dominant Hand Grip Strength,nih_motor,NA,Adults,NA,Adults,NA,NA,NA,NA,NA,NA,<=,63,>,57,T-score,High Average,NA,NA
https://www.ritenour.k12.mo.us/cms/lib/MO01910124/Centricity/Domain/69/Psychometric_Conversion_Table.pdf,1,Dominant Hand Grip Strength,nih_motor,NA,Adults,NA,Adults,NA,NA,NA,NA,NA,NA,<=,57,>,42,T-score,Average,NA,NA
https://www.ritenour.k12.mo.us/cms/lib/MO01910124/Centricity/Domain/69/Psychometric_Conversion_Table.pdf,1,Dominant Hand Grip Strength,nih_motor,NA,Adults,NA,Adults,NA,NA,NA,NA,NA,NA,<=,42,>,36,T-score,Low Average,NA,NA
https://www.ritenour.k12.mo.us/cms/lib/MO01910124/Centricity/Domain/69/Psychometric_Conversion_Table.pdf,1,Dominant Hand Grip Strength,nih_motor,NA,Adults,NA,Adults,NA,NA,NA,NA,NA,NA,<=,36,>,29,T-score,Borderline,NA,NA
https://www.ritenour.k12.mo.us/cms/lib/MO01910124/Centricity/Domain/69/Psychometric_Conversion_Table.pdf,1,Dominant Hand Grip Strength,nih_motor,NA,Adults,NA,Adults,NA,NA,NA,NA,NA,NA,<=,29,NA,NA,T-score,Impaired,NA,NA
https://www.ritenour.k12.mo.us/cms/lib/MO01910124/Centricity/Domain/69/Psychometric_Conversion_Table.pdf,1,Non-Dominant Hand Grip Strength,nih_motor,NA,Adults,NA,Adults,NA,NA,NA,NA,NA,NA,>,69,NA,NA,T-score,Very Superior,NA,NA
https://www.ritenour.k12.mo.us/cms/lib/MO01910124/Centricity/Domain/69/Psychometric_Conversion_Table.pdf,1,Non-Dominant Hand Grip Strength,nih_motor,NA,Adults,NA,Adults,NA,NA,NA,NA,NA,NA,<=,69,>,63,T-score,Superior,NA,NA
https://www.ritenour.k12.mo.us/cms/lib/MO01910124/Centricity/Domain/69/Psychometric_Conversion_Table.pdf,1,Non-Dominant Hand Grip Strength,nih_motor,NA,Adults,NA,Adults,NA,NA,NA,NA,NA,NA,<=,63,>,57,T-score,High Average,NA,NA
https://www.ritenour.k12.mo.us/cms/lib/MO01910124/Centricity/Domain/69/Psychometric_Conversion_Table.pdf,1,Non-Dominant Hand Grip Strength,nih_motor,NA,Adults,NA,Adults,NA,NA,NA,NA,NA,NA,<=,57,>,42,T-score,Average,NA,NA
https://www.ritenour.k12.mo.us/cms/lib/MO01910124/Centricity/Domain/69/Psychometric_Conversion_Table.pdf,1,Non-Dominant Hand Grip Strength,nih_motor,NA,Adults,NA,Adults,NA,NA,NA,NA,NA,NA,<=,42,>,36,T-score,Low Average,NA,NA
https://www.ritenour.k12.mo.us/cms/lib/MO01910124/Centricity/Domain/69/Psychometric_Conversion_Table.pdf,1,Non-Dominant Hand Grip Strength,nih_motor,NA,Adults,NA,Adults,NA,NA,NA,NA,NA,NA,<=,36,>,29,T-score,Borderline,NA,NA
https://www.ritenour.k12.mo.us/cms/lib/MO01910124/Centricity/Domain/69/Psychometric_Conversion_Table.pdf,1,Non-Dominant Hand Grip Strength,nih_motor,NA,Adults,NA,Adults,NA,NA,NA,NA,NA,NA,<=,29,NA,NA,T-score,Impaired,NA,NA
